"country_name","continent","year","reg_deaths","expected_gbd","expected_wpp","expected_ghe","expected_deaths","death_comp","source"
"Afghanistan","Asia",2015,18870,247444.00409691737,237503,252412.316999256,245786.4403653911,7.677396674913179,"Other"
"Afghanistan","Asia",2016,15575,252548.64913484265,237660,256237.436555861,248815.36189690122,6.259661735216186,"Other"
"Afghanistan","Asia",2017,20538,245988.7078223269,238109,251628.752951944,245242.15359142364,8.37457985881846,"Other"
"Afghanistan","Asia",2018,24357,254327.8182727134,238716,255864.579502975,249636.13259189614,9.757001018686145,"Other"
"Albania","Europe",2015,22418,20798.54034649998,21338,23080.7957841204,21739.112043540128,100,"WMD"
"Albania","Europe",2016,21388,21280.68705510556,21777,24612.6769501539,22556.788001753153,94.81846439456578,"WMD"
"Albania","Europe",2017,22232,21742.375489828977,22260,26695.2989151889,23565.891468339294,94.33973686023559,"WMD"
"Albania","Europe",2018,21804,22183.30211162525,22757,28899.8939797182,24613.398697114484,88.58589692676681,"WMD"
"Albania","Europe",2019,21937,22670.530010557,23254,31154.1846936791,25692.904901412032,85.38154826858207,"WMD"
"Algeria","Africa",2018,177136.4,197041.1695788118,198849,198574.165123427,198154.7782340796,89.39294907678146,"WMD"
"Algeria","Africa",2019,181442.9,201110.9847621541,202595,203300.383272511,202335.45601155504,89.6742981070199,"WMD"
"American Samoa","Oceania",2015,314,360.35532721948584,NA,NA,360.35532721948584,87.13621702857422,"Other"
"American Samoa","Oceania",2016,280,366.74830708152064,NA,NA,366.74830708152064,76.3466373514198,"Other"
"American Samoa","Oceania",2017,310,372.2853000449128,NA,NA,372.2853000449128,83.26947101123825,"Other"
"American Samoa","Oceania",2018,298,377.7648752769351,NA,NA,377.7648752769351,78.88504715573136,"Other"
"American Samoa","Oceania",2019,278,383.0963984918668,NA,NA,383.0963984918668,72.56659187985083,"Other"
"Andorra","Europe",2015,282,561.8515694891671,NA,NA,561.8515694891671,50.19119200047677,"WMD"
"Andorra","Europe",2016,310,574.2141074405371,NA,NA,574.2141074405371,53.98683104143382,"WMD"
"Andorra","Europe",2017,323,591.5574401962552,NA,NA,591.5574401962552,54.601629199835855,"WMD"
"Andorra","Europe",2018,335,605.989602219793,NA,NA,605.989602219793,55.281476575318386,"WMD"
"Andorra","Europe",2019,301,619.710819198448,NA,NA,619.710819198448,48.57104163347062,"WMD"
"Antigua and Barbuda","Americas",2015,533,569.4445870716459,582,596.043755146978,582.4961140728747,91.50275634857157,"WMD"
"Antigua and Barbuda","Americas",2016,548,580.3044676025519,592,613.280175827933,595.194881143495,92.07068430211905,"WMD"
"Antigua and Barbuda","Americas",2017,573,589.2575283460446,602,627.547004521327,606.2681776224572,94.51263007850392,"WMD"
"Antigua and Barbuda","Americas",2018,581,597.9133733744928,612,638.292382993852,616.068585456115,94.3076815984455,"WMD"
"Antigua and Barbuda","Americas",2019,618,609.8572375395273,623,651.185288980913,628.0141755068134,98.40542205934572,"WMD"
"Argentina","Americas",2015,330561,331211.1189508617,328929,330420.524954741,330186.88130186754,100,"WMD"
"Argentina","Americas",2016,350117,344291.4837120561,331695,349870.612424185,341952.36537874705,100,"WMD"
"Argentina","Americas",2017,339278,348211.8896601132,334520,340933.782732495,341221.89079753606,99.4303147453428,"WMD"
"Argentina","Americas",2018,333509,345616.15651142533,337417,336829.776831177,339954.3111142008,98.10406548660133,"WMD"
"Argentina","Americas",2019,337091,348822.57998434885,340396,348916.42415687,346045.00138040626,97.41247486752073,"WMD"
"Armenia","Asia",2015,27844,27846.224360261116,28674,28046.7643938793,28188.99625138014,98.77613147944831,"WMD"
"Armenia","Asia",2016,28129,27835.679104342893,28836,28390.3868223197,28354.0219755542,99.20638428033877,"WMD"
"Armenia","Asia",2017,27367,27883.42866295104,28966,27327.6115291898,28059.01339738028,97.53372156183906,"WMD"
"Armenia","Asia",2018,25645,27977.286087836237,29038,25969.292050381,27661.526046072413,92.70999711760757,"WMD"
"Armenia","Asia",2019,26252,27978.060787273684,29050,25404.0160783096,27477.358955194428,95.54047768130648,"WMD"
"Aruba","Americas",2015,679,NA,900,NA,900,75.44444444444444,"WMD"
"Aruba","Americas",2016,781,NA,918,NA,918,85.07625272331155,"WMD"
"Aruba","Americas",2017,707,NA,938,NA,938,75.3731343283582,"WMD"
"Aruba","Americas",2018,717,NA,958,NA,958,74.84342379958247,"WMD"
"Aruba","Americas",2019,665,NA,978,NA,978,67.9959100204499,"WMD"
"Australia","Oceania",2015,157295.2,154344.14755801618,156723,159929.718851232,156998.9554697494,100,"WMD"
"Australia","Oceania",2016,158607.9,156057.34281481992,159199,160228.616482243,158494.98643235432,100,"WMD"
"Australia","Oceania",2017,164339.7,159889.31320054783,161664,162754.729600251,161436.01426693294,100,"WMD"
"Australia","Oceania",2018,159437.1,166077.7128666762,164135,160036.016961129,163416.24327593506,97.56502585289756,"WMD"
"Australia","Oceania",2019,164711,170852.42606771828,166631,164535.646456329,167339.6908413491,98.42912890054201,"WMD"
"Austria","Europe",2015,82969,80892.68408381629,83865,84834.2537186747,83197.31260083034,99.72557695231605,"WMD"
"Austria","Europe",2016,78842,80902.47494304384,85192,82663.0888990515,82919.1879473651,95.08293792028789,"WMD"
"Austria","Europe",2017,81311,80604.09201614252,86422,85607.2313469829,84211.10778770848,96.55614578183737,"WMD"
"Austria","Europe",2018,82063,81150.36765088316,87510,86239.0219693152,84966.46320673279,96.5828126802591,"WMD"
"Austria","Europe",2019,81485,82489.99900267647,88430,84971.439125829507,85297.14604283533,95.53074608038948,"WMD"
"Azerbaijan","Asia",2015,57733,74333.91965259351,64206.99999999999,79561.8838077842,72700.93448679257,79.4116339873021,"WMD"
"Azerbaijan","Asia",2016,56648,75373.45830279653,65149,81716.7900964721,74079.74946642287,76.46894111821487,"WMD"
"Azerbaijan","Asia",2017,57109,76169.77810708553,66118,83750.6579472285,75346.14535143801,75.79551645757822,"WMD"
"Azerbaijan","Asia",2018,57250,74887.3970926572,67132,82339.2166948028,74786.20459582,76.55155159886246,"WMD"
"Azerbaijan","Asia",2019,56447,75128.79333250606,68201,82177.849065132,75169.21413254603,75.09324216223266,"WMD"
"Bahamas","Americas",2015,2243,2445.296171482085,2497,2372.68787687663,2438.3280161195717,91.9892641667456,"Other"
"Bahamas","Americas",2016,2288,2468.3102490226743,2530,2414.02795118949,2470.7794000707213,92.6023585891363,"Other"
"Bahamas","Americas",2017,2372,2521.433542426659,2567,2474.37106159935,2520.9348680086696,94.09207790733936,"Other"
"Bahrain","Asia",2015,2787,3429.596914454861,3332,3487.7697356643,3416.45555003972,81.57577229323525,"Other"
"Bahrain","Asia",2016,2858,3592.3762511775144,3456,3683.13943073805,3577.171893971855,79.89551759635084,"Other"
"Bahrain","Asia",2017,2902,3822.829951192246,3590,3985.91133544831,3799.5804288801855,76.37685408478849,"Other"
"Bahrain","Asia",2018,3052,4002.908742817154,3734,4342.56466425663,4026.491135691261,75.798006183268,"Other"
"Bahrain","Asia",2019,3010,4265.867512888936,3891,4622.70318122136,4259.856898036765,70.65965059500508,"Other"
"Bangladesh","Asia",2015,78182,762380.5753667748,867334,737416.430535066,789043.6686339469,9.908450331444227,"Other"
"Bangladesh","Asia",2016,117011,778233.9158083268,875248,746911.721663547,800131.2124906246,14.623976439535666,"Other"
"Bangladesh","Asia",2017,166791,816603.2645222885,883623,775520.347366419,825248.8706295692,20.210994032958542,"Other"
"Bangladesh","Asia",2018,196610,831872.2803546003,892145,784596.515035417,836204.5984633391,23.512188328227637,"Other"
"Barbados","Americas",2015,2570,2718.263572846171,2507,3103.58974426965,2776.284439038607,92.56976568618305,"WMD"
"Barbados","Americas",2016,2584,2780.0974723583217,2533,3157.22851620142,2823.4419961865806,91.51950008146164,"WMD"
"Barbados","Americas",2017,2632,2848.3053787697054,2558,3208.80181916355,2871.702399311085,91.65295124701677,"WMD"
"Barbados","Americas",2018,2531,2942.23563556453,2581,3283.43546226874,2935.55703261109,86.21873027446348,"WMD"
"Barbados","Americas",2019,2896,3093.2102048490187,2602,3420.51982175334,3038.5766755341197,95.30778088694906,"WMD"
"Belarus","Europe",2015,120025,121160.57234005956,120365,119160.321712591,120228.63135088352,99.83062990188317,"WMD"
"Belarus","Europe",2016,119369,121652.23263521858,119248,119774.911679146,120225.04810478819,99.2879619361499,"WMD"
"Belarus","Europe",2017,119303,122686.15320270925,118573,118944.912360238,120068.02185431575,99.36284295976493,"WMD"
"Belarus","Europe",2018,120047,121261.07516440556,118184,119798.603792861,119747.89298575552,100,"WMD"
"Belarus","Europe",2019,120913,121776.82305968615,118002,116250.877473284,118676.56684432339,100,"WMD"
"Belgium","Europe",2015,112409,108853.9062877457,110526,111617.908579744,110332.6049558299,100,"WMD"
"Belgium","Europe",2016,107532,108668.42919934476,111154,109558.047509863,109793.49223640258,97.94023107350185,"WMD"
"Belgium","Europe",2017,109278,110196.66187237015,111729,113011.10286561,111645.58824599338,97.87937142596556,"WMD"
"Belgium","Europe",2018,110341,112084.71031260856,112259,113725.917626652,112689.87597975352,97.9156282147515,"WMD"
"Belgium","Europe",2019,108436,114073.5360324924,112739,113252.342372374,113354.9594682888,95.66056969067606,"WMD"
"Belize","Americas",2015,1812,1736.0595669073098,1668,1666.27414903935,1690.1112386488867,100,"WMD"
"Belize","Americas",2016,1829,1782.679332653475,1712,1708.48909445537,1734.3894757029484,100,"WMD"
"Belize","Americas",2017,1930,1838.6365877060475,1758,1758.44755851645,1785.0280487408324,100,"WMD"
"Belize","Americas",2018,1915,1923.9837199042447,1807,1829.79855440347,1853.5940914359048,100,"WMD"
"Belize","Americas",2019,1994,1990.122157273373,1857,1884.40214782963,1910.508101701001,100,"WMD"
"Benin","Africa",2018,973,93305.87639789013,102073,93268.7338175208,96215.87007180364,1.0112676830484129,"Other"
"Benin","Africa",2019,2550,93065.23842354056,103050,93440.1234610097,96518.45396151676,2.641981813153286,"Other"
"Bermuda","Americas",2015,478,525.6886560664232,NA,NA,525.6886560664232,90.92834598652676,"WMD"
"Bermuda","Americas",2016,492,538.0170315533222,NA,NA,538.0170315533222,91.44691917643102,"WMD"
"Bermuda","Americas",2017,481,552.2378632826824,NA,NA,552.2378632826824,87.10014868244976,"WMD"
"Bermuda","Americas",2018,533,566.4979580829064,NA,NA,566.4979580829064,94.08683515890026,"WMD"
"Bermuda","Americas",2019,535,579.5979577084522,NA,NA,579.5979577084522,92.30536320645805,"WMD"
"Bhutan","Asia",2015,4275,4164.823087588279,4557,4142.03251943941,4287.95186900923,99.69794742560339,"Other"
"Bhutan","Asia",2016,3541,4184.713098861986,4604,4242.44458044889,4343.719226436959,81.52000199388098,"Other"
"Bhutan","Asia",2017,3367,4203.789191034819,4655,4340.12358897743,4399.637593337417,76.52903059785675,"Other"
"Bhutan","Asia",2018,3364,4223.96022676652,4710,4435.95015971677,4456.63679549443,75.48292926632335,"Other"
"Bhutan","Asia",2019,3220,4252.350619099687,4767,4529.41609839221,4516.255572497299,71.29800225675615,"Other"
"Bolivia","Americas",2015,48935,71555.84981043427,74906,77339.5121207362,74600.45397705682,65.5961155612402,"WMD"
"Bolivia","Americas",2016,50767,72577.90236532851,75406,79470.1060520396,75818.00280578937,66.95903099695406,"WMD"
"Bolivia","Americas",2017,49794,73676.77196213671,76081,81701.90003538,77153.22399917223,64.53910467893634,"WMD"
"Bolivia","Americas",2018,51570,74760.92490217142,76911,84105.6132779428,78592.51272670474,65.61693755654305,"WMD"
"Bolivia","Americas",2019,51998,75910.01627480438,77878,86422.5254010105,80070.18055860496,64.94053046619725,"WMD"
"Bosnia","Europe",2015,38150,36960.47201955311,35632,36176.2597645972,36256.243928050106,100,"WMD"
"Bosnia","Europe",2016,36571,36738.63471064812,35625,36310.2943888951,36224.64303318107,100,"WMD"
"Bosnia","Europe",2017,36336,36826.73255912742,35688,36612.1722596012,36375.63493957621,99.89103986874169,"WMD"
"Bosnia","Europe",2018,36305,37214.18482729074,35833,37274.8163732045,36774.00040016508,98.72464133610283,"WMD"
"Bosnia","Europe",2019,37130,37424.02976870591,36066,37792.7319023411,37094.253890349,100,"WMD"
"Botswana","Africa",2015,13030,20581.366569577785,13423,19564.2370169674,17856.201195515063,72.97184802819505,"Other"
"Botswana","Africa",2016,12825,20502.434460681805,13100,19736.1453524089,17779.526604363567,72.13352911686864,"Other"
"Botswana","Africa",2017,12386,20786.965257492473,12974,20130.918637632,17963.961298374823,68.94915767337211,"Other"
"Botswana","Africa",2018,12609,21028.438458102137,13008,20491.0871708483,18175.841876316812,69.37230245400391,"Other"
"Botswana","Africa",2019,13185,21171.78749932003,13176,20658.0685332093,18335.285344176446,71.9105252659062,"Other"
"Brazil","Americas",2015,1264175,1319520.2172145552,1277738,1268131.40777585,1288463.208330135,98.11494746818475,"WMD"
"Brazil","Americas",2016,1309774,1359332.2325170834,1300768,1315875.14806783,1325325.1268616377,98.82661797120963,"WMD"
"Brazil","Americas",2017,1312663,1362176.4375359328,1325105,1312683.36369562,1333321.6004105175,98.45059133489198,"WMD"
"Brazil","Americas",2018,1316719,1382045.1203167192,1350630,1349462.54964358,1360712.556653433,96.76687361792033,"WMD"
"Brazil","Americas",2019,1349802,1411015.8379720994,1377193,1372409.94606247,1386872.928011523,97.32701336490324,"WMD"
"Brunei","Asia",2015,1547,1654.2569060585356,1724,1855.17573287333,1744.4775463106218,88.67984590983902,"WMD"
"Brunei","Asia",2016,1632,1704.4114959851242,1781,1965.77487376985,1817.062123251658,89.81531116170719,"WMD"
"Brunei","Asia",2017,1696,1765.4974181110017,1841,2062.46640734139,1889.6546084841307,89.75185160215712,"WMD"
"Brunei","Asia",2018,1612,1826.0905564696757,1904,2154.30267443688,1961.4644103021851,82.18349471615718,"WMD"
"Brunei","Asia",2019,1757,1880.298977932321,1968,2234.6680955231,2027.6556911518069,86.65179239587461,"WMD"
"Bulgaria","Europe",2015,112270,122173.79133856516,108920,108241.35317697,113111.71483851172,99.25585529340314,"WMD"
"Bulgaria","Europe",2016,107015,122006.47490167592,108819,107130.436123667,112651.97034178097,94.9961191760085,"WMD"
"Bulgaria","Europe",2017,109184,122026.25800126948,108688,109934.283879923,113549.5139603975,96.1554093820956,"WMD"
"Bulgaria","Europe",2018,108202,124032.7849105064,108484,108461.330126087,113659.37167886447,95.19848508903969,"WMD"
"Bulgaria","Europe",2019,107818,124225.8786766981,108193,106183.179513802,112867.3527301667,95.52629470965067,"WMD"
"Burkina Faso","Africa",2015,21726,197495.38571175296,160439,151981.708844513,169972.0315187553,12.78210291768071,"Other"
"Burkina Faso","Africa",2016,20928,198216.19739651197,160476,152077.71420519,170256.63720056732,12.292031808044113,"Other"
"Burkina Faso","Africa",2017,25867.6470588235,198906.1107639923,160703,151780.51761423,170463.20945940743,15.174914951359863,"Other"
"Burkina Faso","Africa",2018,24969.272727272728,199971.0466321951,160997,151725.338842982,170897.79515839237,14.61064650022581,"Other"
"Cabo Verde","Africa",2015,2761,2957.7314490598133,3045,2443.56043532924,2815.4306281296845,98.06670327495006,"Other"
"Cabo Verde","Africa",2016,2591,3061.886178079826,3048,2526.1836033874,2878.689927155742,90.00622038372882,"Other"
"Cabo Verde","Africa",2017,2497,3112.5083229800453,3051,2572.49285316493,2912.000392048325,85.7486148291206,"Other"
"Cabo Verde","Africa",2018,2836,3530.182686770264,3056,2854.47897467976,3146.8872204833415,90.12080196392958,"Other"
"Cambodia","Asia",2015,30964,104653.8335307957,94665,90489.3333423606,96602.7222910521,32.05292694206825,"Other"
"Cambodia","Asia",2016,35554,105990.17784557324,95376,92033.4077802882,97799.86187528714,36.353834574263416,"Other"
"Cambodia","Asia",2017,26973,107514.30220020984,96287,93653.8569043473,99151.71970151905,27.20376417191558,"Other"
"Cambodia","Asia",2018,35298,109139.96924299771,97412,95183.3917035472,100578.4536488483,35.09499173971859,"Other"
"Canada","Americas",2015,269455,255203.4461781191,270034,264339.2029354,263192.21637117304,100,"WMD"
"Canada","Americas",2016,266080,261079.86898266888,275559,267206.343724223,267948.40423563065,99.30269999518728,"WMD"
"Canada","Americas",2017,277395,267187.0008239182,280932,276699.454075878,274939.48496659874,100,"WMD"
"Canada","Americas",2018,284865,280110.21182106284,286042,274820.67017662,280324.29399922764,100,"WMD"
"Canada","Americas",2019,284315,288192.8506997619,290851,278180.508500567,285741.4530667763,99.50078889448255,"WMD"
"Chile","Americas",2016,103375,103139.08747519329,109411,104013.40622617,105521.1645671211,97.96612880844776,"WMD"
"Chile","Americas",2017,106045,107012.12254554448,112083,106394.078298924,108496.40028148949,97.74056994045016,"WMD"
"Chile","Americas",2018,106458,110086.61483764426,114789,106797.996347526,110557.87039505676,96.29165216333611,"WMD"
"Chile","Americas",2019,109348,113085.51883913552,117490,109576.943913311,113384.15425081551,96.44028367324839,"WMD"
"China","Asia",2018,7700000,10376988.753894718,10251618,9904073.60798341,10177560.120626044,75.65663979125044,"Other"
"China","Asia",2018,7700000,NA,34225835,9904073.60798341,22064954.303991705,34.8969678065774,"Other"
"Colombia","Americas",2015,222270,221165.0918084101,258575,222554.517544998,234098.2031178027,94.94733280295597,"WMD"
"Colombia","Americas",2016,220583,227095.91707877384,263705,225546.769573947,238782.5622175736,92.3781862257636,"WMD"
"Colombia","Americas",2017,224210,233825.20226723675,269217,230257.059052455,244433.0871065639,91.72653451054792,"WMD"
"Colombia","Americas",2018,234334,240621.4167800061,275105,234311.609774138,250012.67551804802,93.72884775319473,"WMD"
"Colombia","Americas",2019,241281,246679.08032307716,281330,239386.329050414,255798.46979116372,94.32464556843678,"WMD"
"Costa Rica","Americas",2015,21038,21338.60621123181,23556,20760.5313947308,21885.045868654204,96.12956777089774,"WMD"
"Costa Rica","Americas",2016,22601,22800.007241490617,24155,22341.2507213371,23098.752654275904,97.84511024588264,"WMD"
"Costa Rica","Americas",2017,23246,23365.98968708778,24759,22968.6282316109,23697.872639566227,98.09319323114356,"WMD"
"Costa Rica","Americas",2018,23762,23900.9756245152,25366,23165.6586239519,24144.2114161557,98.4169645901131,"WMD"
"Costa Rica","Americas",2019,24292,24415.69786912129,25978,23885.6697741601,24759.789214427128,98.11068983513577,"WMD"
"Croatia","Europe",2015,55140,52838.65423229012,53655,54204.462254007,53566.038828765704,100,"WMD"
"Croatia","Europe",2016,51254,50507.37193824381,54077,51542.3788213114,52042.25025318507,98.48536477698363,"WMD"
"Croatia","Europe",2017,53269,51219.18044129581,54408,53476.4319514367,53034.53746424417,100,"WMD"
"Croatia","Europe",2018,52562,51619.07917103925,54611,52294.3469055816,52841.47535887362,99.47110606398562,"WMD"
"Croatia","Europe",2019,51611,52311.37276086226,54673,51790.6474272713,52925.006729377856,97.51722898006082,"WMD"
"Cuba","Americas",2015,99691,99556.55715566866,96135,99660.1902766369,98450.5824774352,100,"WMD"
"Cuba","Americas",2016,99388,100876.66983614546,98055,99361.223615902,99430.96448401581,99.95678963365309,"WMD"
"Cuba","Americas",2017,106949,105582.4194890062,99944,106924.155839348,104150.19177611807,100,"WMD"
"Cuba","Americas",2018,106196,107605.2006656442,101789,107866.452865826,105753.55117715673,100,"WMD"
"Cuba","Americas",2019,109089,105984.24361983998,103568,110821.676301116,106791.30664031865,100,"WMD"
"Curaco","Americas",2015,1398,NA,1333,NA,1333,100,"Other"
"Curaco","Americas",2016,1482,NA,1366,NA,1366,100,"Other"
"Curaco","Americas",2017,1420,NA,1399,NA,1399,100,"Other"
"Curaco","Americas",2018,1399,NA,1431,NA,1431,97.76380153738644,"Other"
"Curaco","Americas",2019,1387,NA,1462,NA,1462,94.87004103967168,"Other"
"Cyprus","Asia",2015,5983,7808.048297769278,7949,6611.98059786892,7456.342965212732,80.24040776977998,"WMD"
"Cyprus","Asia",2016,5448,7882.058529152746,8073,6834.40021868022,7596.486249277656,71.71736802022181,"WMD"
"Cyprus","Asia",2017,6009,7993.929513694934,8208,6799.68032840267,7667.203280699201,78.37277531334759,"WMD"
"Cyprus","Asia",2018,5798,8339.036937526203,8352,6749.26072713692,7813.432554887708,74.20554230513002,"WMD"
"Cyprus","Asia",2019,6218,8707.449859433837,8504,6757.5831962701,7989.677685234646,77.82541730677319,"WMD"
"Czechia","Europe",2015,113174,109204.27903413176,110204,111789.970498749,110399.41651096025,100,"WMD"
"Czechia","Europe",2016,107237,109816.17977292534,110826,109107.457786941,109916.54585328879,97.56219972845098,"WMD"
"Czechia","Europe",2017,111007,111138.22958536557,111505,113154.767383542,111932.66565630252,99.1730156242818,"WMD"
"Czechia","Europe",2018,112604,113575.361799104,112263,114567.713336568,113468.69171189067,99.2379468742918,"WMD"
"Czechia","Europe",2019,112040,113802.79582664176,113100,113499.986962458,113467.59426303326,98.74184847902573,"WMD"
"Democractic Republic of the Congo","Africa",2015,107986,600750.0227397217,777212,714248.665397263,697403.5627123283,15.484004638580132,"Other"
"Democractic Republic of the Congo","Africa",2016,79118,588096.2718718473,783643,714654.160337439,695464.4774030955,11.376281977108476,"Other"
"Denmark","Europe",2015,53435,51544.45756735428,54058,52399.2435660415,52667.23371113193,100,"WMD"
"Denmark","Europe",2016,52581,52499.145770534786,54608,52964.520541204,53357.22210391293,98.54523516535167,"WMD"
"Denmark","Europe",2017,53103,53452.676556645776,55235,53456.8684145827,54048.18165707616,98.25122394852592,"WMD"
"Denmark","Europe",2018,55076,54397.21150702174,55886,55329.120285307,55204.110597442916,99.76793286576589,"WMD"
"Denmark","Europe",2019,53805,55373.76707303957,56534,53952.6874730449,55286.81818202815,97.3197622312983,"WMD"
"Djibouti","Africa",2015,1317,7372.014976398377,7149,7040.93854927724,7187.317841891872,18.323942658049116,"Other"
"Djibouti","Africa",2016,1236,7353.536655119167,6993,7046.9375389659,7131.158064695022,17.33238821502493,"Other"
"Djibouti","Africa",2017,1624,7371.981266661908,6873,7090.13973425386,7111.707000305256,22.83558644823659,"Other"
"Djibouti","Africa",2018,1489,7402.920172065083,6806,7137.45753689983,7115.459236321638,20.926267027140526,"Other"
"Djibouti","Africa",2019,1409,7575.485405996067,6797,7269.65713856769,7214.047514854586,19.531337950002417,"Other"
"Dominica","Americas",2015,664,761.0712028021555,NA,NA,761.0712028021555,87.24545056431603,"Other"
"Dominica","Americas",2016,686,723.0611340029053,NA,NA,723.0611340029053,94.87441209877609,"Other"
"Dominican Republic","Americas",2015,41788,70318.64161207007,62499,69096.6581740731,67304.76659538106,62.08772738373599,"WMD"
"Dominican Republic","Americas",2016,44114,71150.21948702353,63370,70994.346863382,68504.85545013518,64.3954354915918,"WMD"
"Dominican Republic","Americas",2017,43210,70730.33154852955,64303,71622.5929543283,68885.30816761928,62.727454009288444,"WMD"
"Dominican Republic","Americas",2018,42467,70454.50290149901,65312,72173.6131989,69313.37203346634,61.26812006707133,"WMD"
"Dominican Republic","Americas",2019,44451,70544.7294814812,66401,72856.3506107461,69934.0266974091,63.56133358705457,"WMD"
"Ecuador","Americas",2015,66774,85349.35945580933,82866,77426.2056272836,81880.52169436432,81.55053072237072,"WMD"
"Ecuador","Americas",2016,68138,88371.80572310132,84230,79486.9356057558,84029.58044295237,81.08811163975625,"WMD"
"Ecuador","Americas",2017,70049,90051.60020148916,85645,80624.2473544271,85440.28251863875,81.985918041316,"WMD"
"Ecuador","Americas",2018,71769,91642.10534851116,87130,80114.9840943736,86295.69648096159,83.16637205174369,"WMD"
"Ecuador","Americas",2019,73479,92531.26243230724,88692,80182.2786216619,87135.18035132304,84.32759271712956,"WMD"
"Egypt","Africa",2015,573879,545385.382960473,551548,579266.335548533,558733.239503002,100,"WMD"
"Egypt","Africa",2016,556148,548715.3125331794,558083,563323.590969082,556707.3011674205,99.89953407001353,"WMD"
"Egypt","Africa",2017,547208,548143.557047278,564830,554611.95637443,555861.837807236,98.44316748899804,"WMD"
"Egypt","Africa",2018,559760,554686.5913421434,571961,567542.755632165,564730.1156581028,99.11991311950649,"WMD"
"Egypt","Africa",2019,570580,561555.8303864418,579582,575273.607613506,572137.1459999826,99.72783693370214,"WMD"
"El Salvador","Americas",2015,43067,42259.100645687824,44037,41423.5215187525,42573.20738814677,100,"WMD"
"El Salvador","Americas",2016,41459,38925.65700850844,44410,38428.2758725242,40587.97762701088,100,"WMD"
"El Salvador","Americas",2017,41710,39260.29084655226,44801,39351.2216008064,41137.50414911955,100,"WMD"
"El Salvador","Americas",2018,41564,39652.88780027429,45207,40122.7198572753,41660.869219183194,99.76748152163232,"WMD"
"El Salvador","Americas",2019,43311,40198.570691950794,45628,40725.9361056586,42184.168932536464,100,"WMD"
"Estonia","Europe",2015,15481,14995.993389616578,15240,15237.4338378758,15157.809075830794,100,"WMD"
"Estonia","Europe",2016,15314,15517.531894365937,15241,15480.8813370575,15413.137743807813,99.35679713335695,"WMD"
"Estonia","Europe",2017,15476,15675.150554050138,15299,15426.7774286748,15466.975994241646,100,"WMD"
"Estonia","Europe",2018,15684,15829.635436392193,15396,15596.2051165227,15607.280184304964,100,"WMD"
"Estonia","Europe",2019,15332,15888.669221965072,15519,15186.4506395775,15531.373287180857,98.71631900480163,"WMD"
"Eswatini","Africa",2016,5317,12218.546452277136,11671,12684.245885398,12191.26411255838,43.61319671946808,"Other"
"Eswatini","Africa",2017,5073,11839.052293588482,11088,12457.3667580767,11794.80635055506,43.01045603653566,"Other"
"Eswatini","Africa",2018,5032,11602.230520626928,10672,12058.0416992071,11444.090739944677,43.970290994252686,"Other"
"Fiji","Oceania",2015,7038,7032.771310528353,7130,6544.97725193435,6902.582854154234,100,"Other"
"Fiji","Oceania",2016,7476,7181.5184315308725,7160,6738.85046554847,7026.789632359781,100,"Other"
"Fiji","Oceania",2017,6992,7235.74689006981,7204,6858.63007382135,7099.458987963721,98.48637779095696,"Other"
"Finland","Europe",2015,53467,52239.034941193786,52666,52380.3938212106,52428.476254134795,100,"WMD"
"Finland","Europe",2016,53604,53133.106699826865,53038,54062.8020385811,53411.302912802654,100,"WMD"
"Finland","Europe",2017,53516,54141.46827399976,53412,53908.8332209606,53820.767164986784,99.43373686210654,"WMD"
"Finland","Europe",2018,54369,55098.39698729138,53801,54791.9400344629,54563.779007251425,99.64302507854975,"WMD"
"Finland","Europe",2019,53820,56113.32062453856,54212,55250.5014494323,55191.940691323616,97.51423727062512,"WMD"
"France","Europe",2015,592498,559598.834771848,578644,582781.085149734,573674.6399738607,100,"WMD"
"France","Europe",2016,578416,560750.315712396,587393,582140.064868319,576761.1268602384,100,"WMD"
"France","Europe",2017,591715,575144.7644659341,595595,588169.869788558,586303.2114181641,100,"WMD"
"France","Europe",2018,595029,587745.5979625292,602980,593961.468402917,594895.6887884821,100,"WMD"
"France","Europe",2019,597917,603277.7991764937,609386,597754.108165948,603472.6357808139,99.07938894799668,"WMD"
"French Guiana","Americas",2015,812,NA,757,NA,757,100,"WMD"
"French Guiana","Americas",2016,872,NA,779,NA,779,100,"WMD"
"French Guiana","Americas",2017,910,NA,803,NA,803,100,"WMD"
"French Guiana","Americas",2018,867,NA,830,NA,830,100,"WMD"
"French Guiana","Americas",2019,1008,NA,859,NA,859,100,"WMD"
"French Polynesia","Oceania",2015,1409,NA,1480,NA,1480,95.20270270270271,"WMD"
"French Polynesia","Oceania",2016,1394,NA,1508,NA,1508,92.44031830238727,"WMD"
"French Polynesia","Oceania",2017,1608,NA,1537,NA,1537,100,"WMD"
"French Polynesia","Oceania",2018,1616,NA,1569,NA,1569,100,"WMD"
"French Polynesia","Oceania",2019,1563,NA,1604,NA,1604,97.44389027431421,"WMD"
"Georgia","Asia",2015,49121,49931.318179610615,52655,54841.1283247923,52475.81550146764,93.60693022222054,"WMD"
"Georgia","Asia",2016,50771,50764.28059142479,52236,56876.4428102003,53292.24113387503,95.26902776045496,"WMD"
"Georgia","Asia",2017,47822,50546.067940268294,51816,53801.4773062819,52054.515082183396,91.86907211506798,"WMD"
"Georgia","Asia",2018,46524,49984.70658782548,51423,52772.8220238394,51393.509537221624,90.52504960048526,"WMD"
"Georgia","Asia",2019,46659,49418.41029492084,51074,53368.04432505,51286.81820665695,90.97659326806071,"WMD"
"Germany","Europe",2015,940708,914372.6702243747,905241,928888.951182227,916167.5404688673,100,"WMD"
"Germany","Europe",2016,906309,925649.2715368108,913518,924392.438689968,921186.570075593,98.3849558212326,"WMD"
"Germany","Europe",2017,929351,927772.70606579,922748,955105.1350026,935208.6136894634,99.37365699976237,"WMD"
"Germany","Europe",2018,952295,939950.5927714407,933097,984986.071115258,952677.8879622329,99.95980929471851,"WMD"
"Germany","Europe",2019,936772,959888.9814339356,944285,845372.673801408,916515.5517451145,100,"WMD"
"Greece","Europe",2015,123324,115681.90188247118,111759,121489.161406371,116310.02109628073,100,"WMD"
"Greece","Europe",2016,118116,117994.91245254716,112661,119018.298536223,116558.07032959005,100,"WMD"
"Greece","Europe",2017,124069,120264.31184898004,113531,124549.333603631,119448.21515087035,100,"WMD"
"Greece","Europe",2018,119952,125692.39045283396,114346,124650.69578724,121563.02874669131,98.67473790074092,"WMD"
"Greece","Europe",2019,124538,128668.64536622218,115090,125595.498598778,123118.04798833339,100,"WMD"
"Greenland","Americas",2015,472,454.7333783272597,NA,NA,454.7333783272597,100,"WMD"
"Greenland","Americas",2016,487,462.1127247502901,NA,NA,462.1127247502901,100,"WMD"
"Greenland","Americas",2017,499,468.1435388301856,NA,NA,468.1435388301856,100,"WMD"
"Greenland","Americas",2018,487,474.4889428203718,NA,NA,474.4889428203718,100,"WMD"
"Greenland","Americas",2019,548,480.4592389765878,NA,NA,480.4592389765878,100,"WMD"
"Grenada","Americas",2015,869,760.4180268622789,1038,970.906466174463,923.1081643455807,94.13848057730704,"Other"
"Grenada","Americas",2016,898,795.5375250133786,1050,1020.10008499732,955.2125366702329,94.01049143788778,"Other"
"Grenada","Americas",2017,885,802.0491827912055,1059,1022.55348753868,961.2008901099618,92.07232422545464,"Other"
"Grenada","Americas",2018,965,810.0047280154499,1066,1020.80114190165,965.6019566390333,99.93765996072247,"Other"
"Grenada","Americas",2019,981,818.5008658985297,1072,1013.93206705609,968.1443109848732,100,"Other"
"Guadeloupe","Americas",2015,2937,NA,3193,NA,3193,91.98246163482618,"WMD"
"Guadeloupe","Americas",2016,3192,NA,3227,NA,3227,98.91540130151843,"WMD"
"Guadeloupe","Americas",2017,3102,NA,3262,NA,3262,95.09503372164316,"WMD"
"Guadeloupe","Americas",2018,3177,NA,3300,NA,3300,96.27272727272728,"WMD"
"Guadeloupe","Americas",2019,3410,NA,3341,NA,3341,100,"WMD"
"Guam","Oceania",2015,1009,1011.4017672606786,827,NA,919.2008836303394,100,"Other"
"Guam","Oceania",2016,1022,1039.1177557878832,838,NA,938.5588778939416,100,"Other"
"Guam","Oceania",2017,1008,1064.8299908797433,851,NA,957.9149954398716,100,"Other"
"Guam","Oceania",2018,1056,1087.9848982559429,865,NA,976.4924491279714,100,"Other"
"Guatemala","Americas",2015,82265,86414.97642811145,78534,90068.8956181937,85005.95734876838,96.77557028441831,"WMD"
"Guatemala","Americas",2016,82140,88285.70251809727,79506,91104.3815066288,86298.6946749087,95.18104568026817,"WMD"
"Guatemala","Americas",2017,81434,89529.03867031356,80588,91317.806179223,87144.94828317885,93.44661004947638,"WMD"
"Guatemala","Americas",2018,81475,92331.0671025806,81763,94353.8980681892,89482.65505692326,91.05116510922781,"WMD"
"Guatemala","Americas",2019,85088,94820.58295694538,83019,95129.9101687524,90989.83104189926,93.51374656451273,"WMD"
"Guinea","Africa",2015,807,122708.9180744158,107349,109239.140583439,113099.01955261827,0.7135340369812408,"Other"
"Guinea","Africa",2016,1754,120336.1888035492,106354,108237.877276462,111642.68869333707,1.5710836244887751,"Other"
"Guinea","Africa",2017,1790,118171.2379377056,105630,108476.361410548,110759.1997827512,1.6161185739071775,"Other"
"Guinea","Africa",2018,2485,116143.11660226286,105284,108485.48807411,109970.86822545763,2.259689352370446,"Other"
"Guyana","Americas",2015,4922,6448.161123518956,5534,7007.23047875394,6329.797200757632,77.75920529351038,"Other"
"Guyana","Americas",2016,5109,6495.656929870627,5615,7183.3628258842,6431.339918584942,79.43912255728056,"Other"
"Guyana","Americas",2017,5637,6588.401144002295,5707,7458.15078212732,6584.517308709872,85.60991999434015,"Other"
"Guyana","Americas",2018,4949,6654.838275323495,5806,7768.56130311987,6743.133192814455,73.39318175227059,"Other"
"Guyana","Americas",2019,5766,6683.802439725893,5910,8054.61604213296,6882.806160619618,83.7739704626655,"Other"
"Honduras","Americas",2015,29601,53528.56827718144,40336,55277.0010352359,49713.856437472445,59.54275552376556,"Other"
"Honduras","Americas",2016,26438,49508.30728576165,41031,51492.9885216135,47344.09860245838,55.84222908539478,"Other"
"Honduras","Americas",2017,24836,50417.48620069638,41775,52641.0427290483,48277.84297658156,51.443889098457355,"Other"
"Honduras","Americas",2018,29521,51404.00130449407,42559,53790.5013982568,49251.16756758362,59.93969576353816,"Other"
"Honduras","Americas",2019,29479,52569.32567369154,43381,55010.2674463891,50320.19770669355,58.58283819119162,"Other"
"Hong Kong","Asia",2015,46108,NA,46740,NA,46740,98.64783910997005,"WMD"
"Hong Kong","Asia",2016,46905,NA,47451,NA,47451,98.84933931845484,"WMD"
"Hong Kong","Asia",2017,46829,NA,48245,NA,48245,97.06498082702872,"WMD"
"Hong Kong","Asia",2018,47400,NA,49153,NA,49153,96.43358492869204,"WMD"
"Hong Kong","Asia",2019,48957,NA,50184,NA,50184,97.55499760879962,"WMD"
"Hungary","Europe",2015,133978,129047.87115299483,122871,126256.387321712,126058.41949156894,100,"WMD"
"Hungary","Europe",2016,126293,126431.69936472784,122286,123311.592789808,124009.76405151194,100,"WMD"
"Hungary","Europe",2017,131293,128707.73757251368,121977,128915.917618774,126533.55173042923,100,"WMD"
"Hungary","Europe",2018,130624,130770.35250443466,121922,128964.82634872,127219.05961771822,100,"WMD"
"Hungary","Europe",2019,129266,128867.85963081234,122100,127310.88247149,126092.91403410077,100,"WMD"
"Iceland","Europe",2015,2223,1936.6311528971871,2165,2169.89013085893,2090.507094585372,100,"WMD"
"Iceland","Europe",2016,2295,1976.771838535292,2197,2217.40890529867,2130.3935812779873,100,"WMD"
"Iceland","Europe",2017,2229,2020.1381450834256,2228,2268.41132492615,2172.1831566698584,100,"WMD"
"Iceland","Europe",2018,2247,2061.2167970985565,2258,2301.29898972974,2206.838595609432,100,"WMD"
"Iceland","Europe",2019,2261,2113.289360784725,2287,2341.03446935013,2247.107943378285,100,"WMD"
"India","Asia",2015,6267685,8969793.23324584,9425874,8848701.74882202,9081456.327355953,69.01629842253311,"Other"
"India","Asia",2016,6349259,8946180.767895168,9531107,8886869.66320958,9121385.81036825,69.60849077102755,"Other"
"India","Asia",2017,6463779,9036770.989961276,9652529,8955593.05731544,9214964.34909224,70.14437338150682,"Other"
"India","Asia",2018,6950607,9274716.524385624,9785017,9110475.17772068,9390069.567368768,74.02082540638365,"Other"
"India","Asia",2019,7641076,9391548.568553245,9925987,9171343.06922542,9496292.879259555,80.46377778310256,"Other"
"Iran","Asia",2015,364827,373443.394077364,378070,339519.965554142,363677.78654383536,100,"WMD"
"Iran","Asia",2016,360303.5,375596.4391101183,384296,348080.031461539,369324.1568572191,97.55752319751278,"WMD"
"Iran","Asia",2017,361442.9,381219.5049092284,390404,356376.49935181,376000.00142034615,96.12843048793712,"WMD"
"Iran","Asia",2018,371471.5,385135.63309301576,395949,360892.389302489,380659.00746516825,97.58642057983906,"WMD"
"Iran","Asia",2019,384922.89999999997,391113.12281019,400859,364589.333493845,385520.4854346783,99.84499256012178,"WMD"
"Iraq","Asia",2016,140011,195845.21246458107,177370,177542.524816954,183585.91242717835,76.26456635420602,"Other"
"Iraq","Asia",2017,142766,194607.08330440347,180153,174781.197125517,183180.4268099735,77.93736617291631,"Other"
"Iraq","Asia",2018,140321,173715.41394276058,183175,156815.684722955,171235.3662219052,81.94627260478245,"Other"
"Iraq","Asia",2019,140621,179615.23773105798,186433,160285.138632448,175444.45878783532,80.15129173731998,"Other"
"Ireland","Europe",2015,30127,29825.510165550884,28677,28598.1003107486,29033.536825433162,100,"WMD"
"Ireland","Europe",2016,30667,30117.037258128224,28813,29137.106995211,29355.714751113075,100,"WMD"
"Ireland","Europe",2017,30418,30750.914352099066,29051,29768.2170812039,29856.710477767654,100,"WMD"
"Ireland","Europe",2018,31140,31554.199046660644,29424,30368.0347427762,30448.744596478948,100,"WMD"
"Ireland","Europe",2019,31270,32354.41954459771,29939,30847.1460628814,31046.855202493036,100,"WMD"
"Israel","Asia",2015,45066,43303.69704642389,42982,43648.6717813066,43311.45627591016,100,"WMD"
"Israel","Asia",2016,43689,43840.11008203395,43538,43603.2761171584,43660.46206639745,100,"WMD"
"Israel","Asia",2017,44425,45003.33705377772,44099,44122.4712105977,44408.26942145848,100,"WMD"
"Israel","Asia",2018,44397,46738.61489454371,44679,43862.6719283151,45093.42894095294,98.45558664020679,"WMD"
"Israel","Asia",2019,45813,47925.32917294949,45287,45354.9926858722,46189.107286273895,99.18572298021948,"WMD"
"Italy","Europe",2015,667986,610690.7550523449,621037,644287.37179497,625338.3756157716,100,"WMD"
"Italy","Europe",2016,623748,607573.2714944463,626481,617331.741987327,617128.6711605911,100,"WMD"
"Italy","Europe",2017,656891,615593.7213454762,631662,656855.887112258,634703.8694859114,100,"WMD"
"Italy","Europe",2018,638884,630967.375392793,636708,651377.315340969,639684.2302445873,99.8749023022998,"WMD"
"Italy","Europe",2019,642964,642341.6447353928,641638,651472.702467036,645150.7824008096,99.66104320719074,"WMD"
"Ivory Coast","Africa",2015,47065,200662.37768941716,250769,203293.032692603,218241.47012734006,21.56556220618309,"Other"
"Ivory Coast","Africa",2016,45995,194758.35989945455,250771,201374.691894746,215634.68393140018,21.33005653887868,"Other"
"Ivory Coast","Africa",2017,44813,189571.23207773897,251422,199363.741193197,213452.32442364533,20.99438369715678,"Other"
"Ivory Coast","Africa",2018,46385,185081.1165550359,252648,196906.560764576,211545.22577320397,21.926753407202394,"Other"
"Ivory Coast","Africa",2019,51509,182432.78262756823,254415,195230.767767408,210692.85013165875,24.44743614594079,"Other"
"Jamaica","Americas",2015,17903,18596.255656739984,21735,18310.412680876,19547.222779205327,91.58845838215709,"WMD"
"Jamaica","Americas",2016,18329,18691.220198346185,21903,18537.9312427798,19710.717147041996,92.99002092752697,"WMD"
"Jamaica","Americas",2017,17928,18903.05810189831,22060,18760.4088799387,19907.822327279002,90.0550532613197,"WMD"
"Jamaica","Americas",2018,18144,19183.657331478706,22212,18974.9683880612,20123.541906513303,90.16305421923467,"WMD"
"Jamaica","Americas",2019,19219,19657.687068034913,22367,19306.8039931769,20443.83035373727,94.00880200752907,"WMD"
"Japan","Asia",2015,1290510,1290176.93140613,1295037,1290471.69689448,1291895.2094335367,99.89277695099248,"WMD"
"Japan","Asia",2016,1308158,1313189.8606269234,1309397,1307808.06520247,1310131.641943131,99.84935544796065,"WMD"
"Japan","Asia",2017,1340567,1329186.5988560007,1324710,1340449.93189823,1331448.8435847436,100,"WMD"
"Japan","Asia",2018,1362470,1365986.4913717932,1341961,1362813.72232881,1356920.4045668677,100,"WMD"
"Japan","Asia",2019,1387775,1400012.509225905,1361436,1351685.98796736,1371044.832397755,100,"WMD"
"Jordan","Asia",2015,27250,24836.508280220467,34687,25288.4695986115,28270.65929294399,96.38968698123452,"WMD"
"Jordan","Asia",2017,26763,28469.258297397148,36935,27308.0057139253,30904.088003774148,86.60019346544567,"WMD"
"Jordan","Asia",2018,27035,31192.911940949612,37907,28777.0503976881,32625.654112879238,82.86423900180968,"WMD"
"Jordan","Asia",2019,29052,32264.88942526256,38776,28875.5750296979,33305.48815165349,87.2288671095718,"WMD"
"Kazakhstan","Asia",2015,130852,140269.15638355256,138123,131408.25831077,136600.13823144085,95.79199676818642,"WMD"
"Kazakhstan","Asia",2016,132416,139505.86368758237,134597,131576.678512315,135226.51406663246,97.9216249963764,"WMD"
"Kazakhstan","Asia",2017,130036,138284.57884952408,132210,130544.851721004,133679.81019017604,97.27422549075116,"WMD"
"Kazakhstan","Asia",2018,130515,139407.65295221255,131149,128718.710779248,133091.78791048686,98.06390164942414,"WMD"
"Kazakhstan","Asia",2019,133489,139467.3173934889,131464,126999.954634701,132643.75734272995,100,"WMD"
"Kenya","Africa",2015,200205,296844.4502482802,284126,292072.542108962,291014.3307857474,68.79558111775475,"Other"
"Kenya","Africa",2016,189930,292878.00032245816,281677,289354.23290865,287969.74441036937,65.95484549562315,"Other"
"Kenya","Africa",2017,190877,291115.9618477339,280899,289551.023590352,287188.66181269527,66.4639748641923,"Other"
"Kenya","Africa",2018,192019,291384.5833633459,281836,290677.105935327,287965.89643289096,66.68115994935152,"Other"
"Kenya","Africa",2019,191495,293887.6448667758,284385,293607.536297325,290626.72705470026,65.89036113115564,"Other"
"Kuwait","Asia",2015,6481,8080.264235263287,9250,6289.03670362697,7873.100312963419,82.31827034298975,"WMD"
"Kuwait","Asia",2016,6338,8502.588562483648,9814,6736.54408686733,8351.044216450326,75.8947005395454,"WMD"
"Kuwait","Asia",2017,6679,8977.17606607937,10413,7246.85077633962,8879.008947472998,75.22235915643346,"WMD"
"Kuwait","Asia",2018,6807,9480.714909679624,11044,7739.32587854083,9421.346929406818,72.25081563182154,"WMD"
"Kuwait","Asia",2019,7306,10012.899610254162,11706,8240.36828738994,9986.422632548034,73.15933111210491,"WMD"
"Kyrgyzstan","Asia",2015,34805,35598.640817970365,36942,34607.3942635708,35716.01169384705,97.44929052645597,"WMD"
"Kyrgyzstan","Asia",2016,33475,34266.84798273651,37135,32419.7478615281,34607.19861475487,96.72843032642304,"WMD"
"Kyrgyzstan","Asia",2017,33166,34331.88999443189,37403,32223.045093489,34652.645029306965,95.70986564503329,"WMD"
"Kyrgyzstan","Asia",2018,32989,34257.98336351667,37685,31087.1066981272,34343.363353881294,96.0564044356237,"WMD"
"Kyrgyzstan","Asia",2019,33295,34676.27705075369,37970,29867.8370598867,34171.37137021346,97.43536377068736,"WMD"
"Laos","Asia",2015,14042,43697.63558806653,45189,42685.5551518077,43857.396913291406,32.017404105769984,"Other"
"Laos","Asia",2016,17157,43678.78934979725,45207,42832.0079783768,43905.93244272468,39.076723908281224,"Other"
"Laos","Asia",2017,15646,43808.86864404282,45295,43041.1417019526,44048.33678199847,35.520069866506645,"Other"
"Laos","Asia",2018,19238,44183.48721398604,45448,43348.5082390894,44326.66515102515,43.40051283906495,"Other"
"Latvia","Europe",2015,28972,27845.533250868528,28176,29049.2968743593,28356.94337507594,100,"WMD"
"Latvia","Europe",2016,28443,27187.499869806397,28143,29360.0589686989,28230.186279501766,100,"WMD"
"Latvia","Europe",2017,28659,27184.05281742113,28146,29652.2804684695,28327.44442863021,100,"WMD"
"Latvia","Europe",2018,28743,27353.963033233438,28129,29668.737006434,28383.90001322248,100,"WMD"
"Latvia","Europe",2019,27632,27426.72977544294,28071,29782.9082130719,28426.879329504947,97.20377562274336,"WMD"
"Lebanon","Asia",2015,25275,32744.44874316707,25878,33510.0739699305,30710.840904365858,82.29992815470872,"WMD"
"Lebanon","Asia",2016,24617,33089.90633018911,27028,35148.9025126005,31755.602947596537,77.52017822059074,"WMD"
"Lebanon","Asia",2017,25847,33510.690750281254,28113,36533.5069498195,32719.065900033584,78.99675399954945,"WMD"
"Lebanon","Asia",2018,25096,34340.46754299737,29106,37733.4081983325,33726.62524710996,74.4100538257989,"WMD"
"Lebanon","Asia",2019,24949,33858.05460562085,29989,37826.4447594104,33891.16645501042,73.61505256279422,"WMD"
"Lesotho","Africa",2015,17929,36051.47147529067,32418.999999999996,39006.2415418411,35825.57100571059,50.045259563740444,"Other"
"Lesotho","Africa",2016,13768,34533.2202370682,31434,37626.7797859733,34531.33334101383,39.871034993158986,"Other"
"Lesotho","Africa",2017,13671,33132.04529357534,30638,36368.7842228835,33379.60983881961,40.956140787784115,"Other"
"Lesotho","Africa",2018,13406,32561.93489850889,30026,35824.5554847994,32804.16346110276,40.86676380544208,"Other"
"Lesotho","Africa",2019,13494,32513.762228569743,29598,35723.1114238985,32611.624550822748,41.37788345677359,"Other"
"Liberia","Africa",2015,6206,34090.3159237157,36772,38314.8203338547,36392.378752523466,17.053021024545345,"Other"
"Liberia","Africa",2016,4108,31090.472606584495,36561,36195.3134301631,34615.59534558253,11.867483309150257,"Other"
"Libya","Africa",2016,15727,32276.53621883318,33362,28210.9819455967,31283.172721476625,50.27303381284932,"Other"
"Libya","Africa",2017,16197,30262.47096477471,33688,26424.5882487339,30125.019737836203,53.7659398764045,"Other"
"Lithuania","Europe",2015,42532,40706.42249204935,39227,41666.702446028,40533.37497935912,100,"WMD"
"Lithuania","Europe",2016,40859,40536.04749073947,38792,41732.4100829335,40353.48585789099,100,"WMD"
"Lithuania","Europe",2017,39990,38528.57575316203,38498,41345.4988987335,39457.35821729851,100,"WMD"
"Lithuania","Europe",2018,39452,38683.42960094867,38309,41067.7164573938,39353.38201944749,100,"WMD"
"Lithuania","Europe",2019,38184,38501.43284763499,38209,41989.5384818292,39566.6571098214,96.50549929961562,"WMD"
"Luxembourg","Europe",2015,4048,3823.452210585937,4090,3811.78283704087,3908.411682542269,100,"WMD"
"Luxembourg","Europe",2016,3942,3807.547547627796,4149,3901.52694004498,3952.6914958909256,99.72951352509955,"WMD"
"Luxembourg","Europe",2017,4251,3918.4151430948223,4214,4024.66069271604,4052.3586119369543,100,"WMD"
"Luxembourg","Europe",2018,4300,4025.659637131823,4279,4144.82034853612,4149.826661889314,100,"WMD"
"Luxembourg","Europe",2019,4288,4147.2378391103985,4344,4247.08883189431,4246.108890334903,100,"WMD"
"Macao","Asia",2015,2320,NA,2243,NA,2243,100,"WMD"
"Macao","Asia",2016,2248,NA,2318,NA,2318,96.98015530629853,"WMD"
"Macao","Asia",2017,2120,NA,2399,NA,2399,88.37015423092956,"WMD"
"Macao","Asia",2018,2069,NA,2484,NA,2484,83.29307568438004,"WMD"
"Macao","Asia",2019,2282,NA,2572,NA,2572,88.72472783825816,"WMD"
"Malaysia","Asia",2015,155786,149487.42114708482,147729,152553.443109391,149923.28808549195,100,"WMD"
"Malaysia","Asia",2016,162201,156663.62746235385,151768,161177.007945413,156536.21180258895,100,"WMD"
"Malaysia","Asia",2017,168168,162265.36694632552,156031,168197.460477193,162164.60914117284,100,"WMD"
"Malaysia","Asia",2018,172031,166984.74721718958,160496,174481.580966132,167320.7760611072,100,"WMD"
"Malaysia","Asia",2019,173746,175875.78395332478,165144,184710.17461685,175243.3195233916,99.14557683142282,"WMD"
"Maldives","Asia",2015,1130,1292.7508642742591,1392,1288.58143959145,1324.4441012885698,85.31881405191865,"WMD"
"Maldives","Asia",2016,1226,1346.9987429363518,1401,1330.79983780001,1359.5995269121206,90.17361184174963,"WMD"
"Maldives","Asia",2017,1241,1397.5865881447696,1408,1361.88011732025,1389.15556848834,89.33484687754873,"WMD"
"Maldives","Asia",2018,1216,1447.6274948354726,1415,1344.61949205841,1402.4156622979608,86.70753134684013,"WMD"
"Maldives","Asia",2019,1041,1501.8045576841932,1422,1328.12399901145,1417.3095188985478,73.44902338686089,"WMD"
"Malta","Europe",2015,3520,3418.4128140007683,3440,3417.24570116358,3425.219505054783,100,"WMD"
"Malta","Europe",2016,3308,3518.623636911129,3502,3503.75826748333,3508.1273014648195,94.29532385038432,"WMD"
"Malta","Europe",2017,3556,3595.041738785957,3569,3595.7533849341,3586.5983745733524,99.14686922320952,"WMD"
"Malta","Europe",2018,3672,3675.007795752252,3640,3700.88820472814,3671.965333493464,100,"WMD"
"Malta","Europe",2019,3684,3780.267653919691,3713,3802.56072905592,3765.276127658537,97.84142982073723,"WMD"
"Martinique","Americas",2015,3102,NA,3280,NA,3280,94.57317073170731,"WMD"
"Martinique","Americas",2016,3284,NA,3332,NA,3332,98.5594237695078,"WMD"
"Martinique","Americas",2017,3222,NA,3384,NA,3384,95.2127659574468,"WMD"
"Martinique","Americas",2018,3273,NA,3434,NA,3434,95.31158998252766,"WMD"
"Martinique","Americas",2019,3540,NA,3481,NA,3481,100,"WMD"
"Mauritania","Africa",2016,2526,20757.500845464816,31120,25504.7188133383,25794.07321960104,9.792947311944825,"Other"
"Mauritania","Africa",2017,2874,20767.986542271592,31460,25845.3457140114,26024.444085427665,11.04346356281743,"Other"
"Mauritania","Africa",2018,3101,20865.504981988284,31836,26156.7857576831,26286.096913223795,11.797110884271198,"Other"
"Mauritania","Africa",2019,3549,20981.121597707603,32255.000000000004,26281.7868871662,26505.969494957935,13.389436672652566,"Other"
"Mauritius","Africa",2015,9747,9607.006297071706,9830,10072.2168024525,9836.407699841402,99.09105333400483,"WMD"
"Mauritius","Africa",2016,10174,9930.333631947497,10079,10360.6905385644,10123.341390170632,100,"WMD"
"Mauritius","Africa",2017,10140,10234.37291172369,10334,10712.2885070605,10426.88713959473,97.24858305500102,"WMD"
"Mauritius","Africa",2018,10787,10509.44627513821,10587,11055.0131983901,10717.15315784277,100,"WMD"
"Mauritius","Africa",2019,11174,10713.361590867971,10831,11386.902201665,10977.087930844324,100,"WMD"
"Mayotte","Africa",2015,628,NA,616,NA,616,100,"WMD"
"Mayotte","Africa",2016,677,NA,643,NA,643,100,"WMD"
"Mayotte","Africa",2017,709,NA,671,NA,671,100,"WMD"
"Mayotte","Africa",2018,715,NA,699,NA,699,100,"WMD"
"Mayotte","Africa",2019,748,NA,727,NA,727,100,"WMD"
"Mexico","Americas",2015,665840,649116.6669921075,701655,646600.778226368,665790.8150728252,100,"WMD"
"Mexico","Americas",2016,680506,668336.5760375368,720954,677069.482336968,688786.6861248349,98.79778655835776,"WMD"
"Mexico","Americas",2017,701160,702830.3016884414,739682,691890.701892897,711467.6678604461,98.55121064159616,"WMD"
"Mexico","Americas",2018,718206,717243.7706464797,757839,697040.333849303,724041.0348319275,99.19410163910365,"WMD"
"Mexico","Americas",2019,731216,738424.8312869875,775383,711904.587970845,741904.1397526108,98.55936378031605,"WMD"
"Moldova","Europe",2015,39883,44929.89221110844,46338,45438.4167351815,45568.769648763315,87.52266147936777,"WMD"
"Moldova","Europe",2016,41729,44284.71242849253,46495,43728.8344878686,44836.18230545371,93.06992222423058,"WMD"
"Moldova","Europe",2017,43452,42120.93285340312,46738,41660.2040229942,43506.378958799105,99.87500922830051,"WMD"
"Moldova","Europe",2018,43903,41830.7159663117,46999,41858.0864543047,43562.600806872135,100,"WMD"
"Moldova","Europe",2019,43604,40997.90310493316,47252,41048.0671178436,43099.32340759225,100,"WMD"
"Monaco","Europe",2015,592,526.4085332655478,NA,NA,526.4085332655478,100,"WMD"
"Monaco","Europe",2016,503,525.4433781487951,NA,NA,525.4433781487951,95.72867808747233,"WMD"
"Monaco","Europe",2017,494,525.0289467601402,NA,NA,525.0289467601402,94.09005028168174,"WMD"
"Monaco","Europe",2018,522,524.5364485936076,NA,NA,524.5364485936076,99.51643997277819,"WMD"
"Monaco","Europe",2019,528,523.7873999574251,NA,NA,523.7873999574251,100,"WMD"
"Mongolia","Asia",2015,16374,21807.885303153977,18841,20878.8631899715,20509.249497708493,79.83714860862887,"WMD"
"Mongolia","Asia",2016,16181,22658.12354928004,19206,21586.6110778931,21150.24487572438,76.50502438660683,"WMD"
"Mongolia","Asia",2017,15812,23344.9844223163,19596,22153.3903523406,21698.124924885633,72.87265629973942,"WMD"
"Mongolia","Asia",2018,17331,24005.48301478065,19994,22669.2298872608,22222.904300680482,77.98710630036467,"WMD"
"Mongolia","Asia",2019,17205,24859.014684425212,20392,23380.449974199,22877.15488620807,75.20603014482523,"WMD"
"Montenegro","Europe",2015,6452,6860.242670906219,6503,7179.88847773017,6847.710382878797,94.22127454647931,"WMD"
"Montenegro","Europe",2016,6424,6893.069991771529,6577,7335.20823766897,6935.092743146833,92.63034018323853,"WMD"
"Montenegro","Europe",2017,6499,6933.597620403889,6647,7444.96262453304,7008.520081645643,92.72999041580825,"WMD"
"Montenegro","Europe",2018,6479,6863.352647631616,6705,7394.03224609708,6987.461631242899,92.72322828980664,"WMD"
"Montenegro","Europe",2019,6579,6793.679819674336,6749,7277.70663669535,6940.128818789895,94.79651130088298,"WMD"
"Morocco","Africa",2015,50798,219997.76475503825,177238,224867.053704427,207367.6061531551,24.496593726641287,"Other"
"Morocco","Africa",2016,47247,221322.9124494988,178696,230477.617487659,210165.50997905261,22.480853306857604,"Other"
"Myanmar","Asia",2015,225526,422091.6961169764,436189,383399.728173201,413893.47476339247,54.48889962059075,"Other"
"Myanmar","Asia",2016,213187,420268.87676074496,436338,384330.662997016,413645.8465859203,51.538532722996386,"Other"
"Myanmar","Asia",2017,231210,428415.7887853572,437803,393716.829723821,419978.5395030594,55.05281300172618,"Other"
"Myanmar","Asia",2018,264620,419203.22423240857,440565,385876.470433711,415214.89822203986,63.73085386220706,"Other"
"Namibia","Africa",2015,19411,19075.805158694224,20162,18802.227987067,19346.67771525374,100,"Other"
"Namibia","Africa",2016,18456,19219.28836022116,19956,18905.5438999244,19360.27742004852,95.32921248787429,"Other"
"Namibia","Africa",2017,19031,19254.012720613056,19850,18832.2923886307,19312.10170308125,98.54442718144757,"Other"
"Nauru","Oceania",2015,95,68.82480498707295,NA,NA,68.82480498707295,100,"Other"
"Nauru","Oceania",2016,102,67.7301426140903,NA,NA,67.7301426140903,100,"Other"
"Nauru","Oceania",2017,100,66.99146174137448,NA,NA,66.99146174137448,100,"Other"
"Nauru","Oceania",2018,86,66.7128754714019,NA,NA,66.7128754714019,100,"Other"
"Nepal","Asia",2015,94691,193078.28111456157,178278,174805.518223328,182053.93311262986,52.01260878083763,"Other"
"Nepal","Asia",2016,118060,186292.79198177697,178446,168927.949205005,177888.91372892732,66.36726118857722,"Other"
"Nepal","Asia",2017,65835,188646.05337150904,179057,171358.477257949,179687.17687648602,36.63867458124398,"Other"
"Nepal","Asia",2018,94620,190859.43109403775,180110,173974.760042433,181648.0637121569,52.08973774140346,"Other"
"Nepal","Asia",2019,170643,193331.00727284615,181590,176463.261018918,183794.75609725472,92.84432462790424,"Other"
"Netherlands","Europe",2015,149853,144160.54450907957,143315,146220.651770862,144565.3987599805,100,"WMD"
"Netherlands","Europe",2016,148315,147540.70191737302,145212,149256.568688612,147336.42353532833,100,"WMD"
"Netherlands","Europe",2017,149805,150439.55901596055,147192,150824.392683168,149485.31723304285,100,"WMD"
"Netherlands","Europe",2018,152991,153635.14864390175,149217,147227.021578143,150026.39007401493,100,"WMD"
"Netherlands","Europe",2019,151543,157008.22792473403,151255,153064.157591091,153775.7951719417,98.54801910180655,"WMD"
"New Caledonia","Oceania",2015,1465,NA,1502,NA,1502,97.53661784287615,"WMD"
"New Caledonia","Oceania",2016,1569,NA,1536,NA,1536,100,"WMD"
"New Caledonia","Oceania",2017,1531,NA,1572,NA,1572,97.39185750636132,"WMD"
"New Caledonia","Oceania",2018,1556,NA,1610,NA,1610,96.64596273291926,"WMD"
"New Caledonia","Oceania",2019,1627,NA,1649,NA,1649,98.66585809581565,"WMD"
"New Zealand","Oceania",2015,32200,31158.286446954022,31828,32150.6748728697,31712.32043994124,100,"WMD"
"New Zealand","Oceania",2016,31176,31505.57221055377,32259.999999999996,31675.7978978062,31813.79003611999,97.99524031749795,"WMD"
"New Zealand","Oceania",2017,33495,32075.575600568664,32706.000000000004,33614.5632172146,32798.71293926109,100,"WMD"
"New Zealand","Oceania",2018,33053,33681.02707315164,33169,32905.2536449952,33251.76023938228,99.40225648822381,"WMD"
"New Zealand","Oceania",2019,34088,34498.119931331625,33651,33270.5362126992,33806.55204801027,100,"WMD"
"Nicaragua","Americas",2015,23540,26690.741897898657,31319,29315.8516836243,29108.531193840987,80.86976234988038,"WMD"
"Nicaragua","Americas",2016,23738,27787.553221928236,31766,30531.4513102911,30028.334844073113,79.0520024612198,"WMD"
"Nicaragua","Americas",2017,24300,28117.39313960773,32231,30962.3073324744,30436.90015736071,79.83730233488777,"WMD"
"Nicaragua","Americas",2018,24296,28756.339654973628,32710,31705.4647289503,31057.268127974643,78.22967525632278,"WMD"
"Nicaragua","Americas",2019,25338,29196.319983829795,33201,32176.1566643106,31524.492216046798,80.37560074354596,"WMD"
"Nigeria","Africa",2015,25124,1666666.6650004494,2301290,1634968.68189256,1867641.78229767,1.3452258478117336,"Other"
"Nigeria","Africa",2016,22359,1643003.4438486146,2307483,1643549.31114836,1864678.5849989916,1.1990806447756834,"Other"
"Nigeria","Africa",2017,15153,1622244.7931152766,2315837,1653251.75521418,1863777.8494431523,0.8130260805775386,"Other"
"Nigeria","Africa",2018,13329,1606724.858717551,2327193,1656354.8406066,1863424.2331080504,0.7152960535330292,"Other"
"Nigeria","Africa",2019,10245,1593180.0271162975,2341781,1650346.61946759,1861769.2155279624,0.5502830272706337,"Other"
"North Macedonia","Europe",2015,20461,23172.32076238951,20378,24104.9241651533,22551.748309180937,90.72910764825367,"WMD"
"North Macedonia","Europe",2016,20421,23474.374857700484,20555,24583.7483648244,22871.041074174962,89.28758395287284,"WMD"
"North Macedonia","Europe",2017,20318,23659.20425590914,20739,24860.8318028409,23086.34535291668,88.00873282194519,"WMD"
"North Macedonia","Europe",2018,19727,23814.06681559251,20925,25023.6223929412,23254.229736177902,84.83187886163181,"WMD"
"North Macedonia","Europe",2019,20412,24046.57661043795,21110,25035.1367490723,23397.237786503418,87.24106745529835,"WMD"
"Northern Mariana Islands","Oceania",2015,224,327.08327025324496,NA,NA,327.08327025324496,68.4840896407106,"Other"
"Northern Mariana Islands","Oceania",2016,214,336.43511701005997,NA,NA,336.43511701005997,63.60810426148262,"Other"
"Northern Mariana Islands","Oceania",2017,233,342.3302052619038,NA,NA,342.3302052619038,68.06293935463292,"Other"
"Northern Mariana Islands","Oceania",2018,220,348.09826212208714,NA,NA,348.09826212208714,63.2005453456818,"Other"
"Norway","Europe",2015,41528,40344.675629386205,41749,40615.8252851594,40903.1669715152,100,"WMD"
"Norway","Europe",2016,40436,40638.95280197943,41974,40829.749574661,41147.56745888014,98.27069374248859,"WMD"
"Norway","Europe",2017,40631,40331.9986118787,42216,41354.2765776303,41300.758396503,98.37833874605143,"WMD"
"Norway","Europe",2018,40704,40993.19548960848,42463,41293.4415261718,41583.212338593425,97.88565555870386,"WMD"
"Norway","Europe",2019,40458,41385.87945549448,42715,40912.2308212742,41671.03675892289,97.08901708891813,"WMD"
"Oman","Asia",2015,7343,12813.722909441558,10620,15027.1483013303,12820.29040359062,57.276393660657035,"WMD"
"Oman","Asia",2016,8829,13147.697655817334,10946,15786.6341752391,13293.443943685477,66.41619761893129,"WMD"
"Oman","Asia",2017,8861,13106.318544840651,11268,16309.0227028332,13561.113749224616,65.34124087342491,"WMD"
"Oman","Asia",2018,8979,12553.242802655945,11593,16100.3204030587,13415.521068571548,66.92993849515874,"WMD"
"Oman","Asia",2019,8581,12374.197837055852,11925,16298.4384438337,13532.545426963185,63.41009565652459,"WMD"
"Pakistan","Asia",2018,760494,1496415.3470153306,1474336,1625021.50346716,1531924.2834941635,49.64305404607795,"Other"
"Palau","Oceania",2015,72,191.28763744935395,NA,NA,191.28763744935395,37.639651448496245,"Other"
"Palau","Oceania",2015,136,191.28763744935395,NA,NA,191.28763744935395,71.09711940271512,"Other"
"Palau","Oceania",2016,97,194.6536665668488,NA,NA,194.6536665668488,49.832094977100176,"Other"
"Palau","Oceania",2016,175,194.6536665668488,NA,NA,194.6536665668488,89.90326413394362,"Other"
"Palau","Oceania",2017,105,198.5174879437037,NA,NA,198.5174879437037,52.89206562485632,"Other"
"Palau","Oceania",2017,183,198.5174879437037,NA,NA,198.5174879437037,92.18331437474959,"Other"
"Palau","Oceania",2018,73,203.19383732672995,NA,NA,203.19383732672995,35.926286426993386,"Other"
"Palau","Oceania",2018,143,203.19383732672995,NA,NA,203.19383732672995,70.37615012411032,"Other"
"Palau","Oceania",2019,192,208.70837501019116,NA,NA,208.70837501019116,91.99439169157668,"Other"
"Palestine","Asia",2018,12296,16442.47695188613,16862,NA,16652.238475943064,73.83992258916795,"WMD"
"Palestine","Asia",2019,12602,16608.086700279742,17230,NA,16919.043350139873,74.4841167387624,"WMD"
"Panama","Americas",2015,18182,18256.258319894783,19871,18300.8907328797,18809.383017591495,96.66452101589545,"WMD"
"Panama","Americas",2016,18882,18604.32663726222,20294,18859.3930703264,19252.573235862874,98.07520152593116,"WMD"
"Panama","Americas",2017,19482,19099.21184380006,20734,19404.5680856833,19745.92664316112,98.66338689527882,"WMD"
"Panama","Americas",2018,19720,19386.87320174009,21194,19762.1468811284,20114.34002762283,98.03950799737258,"WMD"
"Panama","Americas",2019,20332,19797.603452736792,21672,20220.0818107735,20563.228421170097,98.8755247160896,"WMD"
"Paraguay","Americas",2015,29802,30886.03930218093,36262,30994.0589277413,32714.03274330741,91.0985210348206,"WMD"
"Paraguay","Americas",2016,32360,32623.619078389624,36864,32849.1118775041,34112.24365196458,94.86329990532984,"WMD"
"Paraguay","Americas",2017,30111,33138.228993747085,37523,33394.6926681901,34685.30722064573,86.81197432807237,"WMD"
"Paraguay","Americas",2018,32312,33552.74028414799,38239,33817.6427386305,35203.1276742595,91.78729884170636,"WMD"
"Paraguay","Americas",2019,33824,34171.07014537771,39012,34404.3585504478,35862.47623194184,94.31585198200504,"WMD"
"Peru","Americas",2017,98704,147162.83078521004,171330,133676.248926599,150723.02657060302,65.4870076894085,"WMD"
"Peru","Americas",2018,112513,149766.4678128959,175758,137736.559591244,154420.34246804664,72.86151435862908,"WMD"
"Peru","Americas",2019,114559,152432.54151425522,180577,141811.569756554,158273.70375693642,72.38031162518959,"WMD"
"Philippines","Asia",2015,560605,607358.283480683,590768,621412.997018976,606513.0934998863,92.4308157578308,"WMD"
"Philippines","Asia",2016,582183,618784.9964726325,601611,649501.496423368,623299.1642986669,93.4034623093181,"WMD"
"Philippines","Asia",2017,579237,629388.3504671805,613133,678294.538705985,640271.9630577218,90.46733785339599,"WMD"
"Philippines","Asia",2018,590709,631502.3396604665,625831,705389.405477292,654240.9150459195,90.28921707816755,"WMD"
"Philippines","Asia",2019,620414,638800.8067955133,639874,733697.949094948,670790.9186301538,92.48992238400749,"WMD"
"Poland","Europe",2015,401852,387921.4260056913,377573,394420.155264289,386638.1937566601,100,"WMD"
"Poland","Europe",2016,386953,388267.0612259973,379390,389986.242279694,385881.10116856376,100,"WMD"
"Poland","Europe",2017,402533,393292.2966382844,381770,407380.90018669,394147.73227499146,100,"WMD"
"Poland","Europe",2018,411312,400720.19032536226,384624,402069.774153141,395804.65482616774,100,"WMD"
"Poland","Europe",2019,407624,406276.65301861754,387886,400852.206866526,398338.2866283812,100,"WMD"
"Portugal","Europe",2015,110665,107589.34905717811,107644,109007.192831895,108080.18062969104,100,"WMD"
"Portugal","Europe",2016,110028,110165.0271665691,108162,111847.815232628,110058.28079973237,99.97248657755479,"WMD"
"Portugal","Europe",2017,109283,112305.39235295914,108722,111231.509476579,110752.96727651272,98.67275133781047,"WMD"
"Portugal","Europe",2018,112692,114122.70654292812,109350,113575.965816664,112349.55745319737,100,"WMD"
"Portugal","Europe",2019,111474,116386.93628314276,110048,111386.781979473,112607.23942087192,98.9936353766418,"WMD"
"Puerto Rico","Americas",2015,28019,29064.53604164361,28583,NA,28823.768020821804,97.20797079604424,"WMD"
"Puerto Rico","Americas",2016,29329,30509.275540705017,28760,NA,29634.637770352507,98.96864684926813,"WMD"
"Puerto Rico","Americas",2017,30773,33675.78813609857,28940,NA,31307.894068049285,98.29150415902562,"WMD"
"Puerto Rico","Americas",2018,28885,32284.79731494692,29104,NA,30694.39865747346,94.10511775237887,"WMD"
"Puerto Rico","Americas",2019,29314,32905.97957070135,29249,NA,31077.489785350674,94.32550763420426,"WMD"
"Qatar","Asia",2015,2317,3695.478114903044,2853,3850.35205844537,3466.276724449471,66.84405730382059,"WMD"
"Qatar","Asia",2016,2347,3808.888569912481,2998,4002.85308803426,3603.2472193155804,65.13569170104851,"WMD"
"Qatar","Asia",2017,2294,3942.892139835165,3155,4129.19427491042,3742.3621382485285,61.29818321306607,"WMD"
"Qatar","Asia",2018,2385,4168.182413456002,3327,4329.81209601309,3941.6648364896973,60.50742767170417,"WMD"
"Qatar","Asia",2019,2200,4421.4803058433545,3518,4536.28467516748,4158.588327003611,52.90256757838703,"WMD"
"Réunion","Africa",2015,4627,NA,5064,NA,5064,91.37045813586097,"WMD"
"Réunion","Africa",2016,4701,NA,5214,NA,5214,90.16110471806674,"WMD"
"Réunion","Africa",2017,4690,NA,5354,NA,5354,87.59805752708255,"WMD"
"Réunion","Africa",2018,5028,NA,5477,NA,5477,91.80208143144057,"WMD"
"Réunion","Africa",2019,5090,NA,5584,NA,5584,91.15329512893983,"WMD"
"Romania","Europe",2015,267209,253801.9762494107,251789,260794.967933761,255461.98139439058,100,"WMD"
"Romania","Europe",2016,257033,255286.3154325718,252710,258636.951988889,255544.42247382028,100,"WMD"
"Romania","Europe",2017,261217,257908.61370647175,253693,263014.183086383,258205.26559761824,100,"WMD"
"Romania","Europe",2018,263222,260088.4916313885,254498,264754.553023414,259780.3482182675,100,"WMD"
"Romania","Europe",2019,258711,262810.9105134939,255020,258562.935146994,258797.94855349595,99.96640292012285,"WMD"
"Russia","Europe",2015,1908541,1850669.4357021616,1870734,1888977.04214704,1870126.8259497338,100,"WMD"
"Russia","Europe",2016,1891015,1829800.47670705,1858258,1892798.31842365,1860285.5983769,100,"WMD"
"Russia","Europe",2017,1826125,1754675.016064447,1852646,1828615.37441973,1811978.796828059,100,"WMD"
"Russia","Europe",2018,1828910.1,1763346.942855942,1852788,1831516.01362434,1815883.6521600941,100,"WMD"
"Russia","Europe",2019,1798307.1,1788286.2644205447,1857718,1789509.26740452,1811837.8439416883,99.25320337098977,"WMD"
"Rwanda","Africa",2019,23791,68571.25922298891,64849.00000000001,64261.5433240437,65893.93418234421,36.10499250836145,"Other"
"Saint Kitts and Nevis","Americas",2016,402,449.743061156568,NA,NA,449.743061156568,89.38436959231989,"WMD"
"Saint Kitts and Nevis","Americas",2017,376,459.65085893288233,NA,NA,459.65085893288233,81.80121774881815,"WMD"
"Saint Kitts and Nevis","Americas",2018,404,473.30880124865934,NA,NA,473.30880124865934,85.35653656432918,"WMD"
"Saint Kitts and Nevis","Americas",2019,366,499.73494264533065,NA,NA,499.73494264533065,73.23882497841574,"WMD"
"Saint Vincent and the Grenadines","Americas",2015,885,973.6188594352254,969,927.062821802279,956.5605604125014,92.51897230828313,"Other"
"Saint Vincent and the Grenadines","Americas",2016,930,983.6206076211608,990,924.199927678506,965.9401784332223,96.2792542192915,"Other"
"Saint Vincent and the Grenadines","Americas",2017,911,997.9435907947712,1006.9999999999999,931.055506119512,978.6663656380944,93.08585969499671,"Other"
"Saint Vincent and the Grenadines","Americas",2018,965,1012.1768177443108,1020.9999999999999,925.676130879752,986.2843162080209,97.84196951545849,"Other"
"Saint Vincent and the Grenadines","Americas",2019,1023,1025.9632061677385,1032,930.911327935128,996.2915113676222,100,"Other"
"Samoa","Oceania",2015,1124,1312.613978336541,1052,1175.68609375691,1180.1000240311503,95.24616363962811,"Other"
"Samoa","Oceania",2016,2022,1326.3607482727202,1042,1190.20287164654,1186.18787330642,100,"Other"
"Samoa","Oceania",2017,1042,1339.5151461196451,1034,1197.72790041445,1190.4143488446985,87.53254705063534,"Other"
"Samoa","Oceania",2018,1113,1352.896839940155,1030,1203.50301235499,1195.466617431715,93.10172143418924,"Other"
"Samoa","Oceania",2019,1712,1367.159995976686,1030,1210.53470853679,1202.5649015044921,100,"Other"
"San Marino","Europe",2015,235,285.13008201690576,NA,NA,285.13008201690576,82.41852221894514,"WMD"
"San Marino","Europe",2016,253,290.1548740408791,NA,NA,290.1548740408791,87.19481305847565,"WMD"
"San Marino","Europe",2017,278,294.44198727435355,NA,NA,294.44198727435355,94.41588225016518,"WMD"
"San Marino","Europe",2018,244,298.18250829614834,NA,NA,298.18250829614834,81.82907890682326,"WMD"
"San Marino","Europe",2019,251,301.59655086835056,NA,NA,301.59655086835056,83.22376342744172,"WMD"
"Sao Tome and Principe","Africa",2015,1226,1004.1985154982927,1020.9999999999999,981.231543519634,1002.1433530059755,100,"Other"
"Sao Tome and Principe","Africa",2016,1212,1004.6353423940808,1018.9999999999999,987.187473689586,1003.6076053612222,100,"Other"
"Sao Tome and Principe","Africa",2017,1202,1006.1703911875152,1018.9999999999999,994.780518468102,1006.650303218539,100,"Other"
"Saudi Arabia","Asia",2016,76662,118980.71904206494,110440,136052.422398337,121824.38048013397,62.92829046030023,"Other"
"Saudi Arabia","Asia",2017,76584,121596.2934342322,113450,138578.987832878,124541.76042237006,61.49262684281446,"Other"
"Saudi Arabia","Asia",2018,74931,124920.56441627498,116552,141078.211168498,127516.92519492433,58.76161135900926,"Other"
"Serbia","Europe",2015,111880,116947.97700314576,116316,116311.453919615,116525.14364092026,96.01361260258595,"WMD"
"Serbia","Europe",2016,109329,113945.05252349372,116208,114273.624655327,114808.89239294024,95.22694429087863,"WMD"
"Serbia","Europe",2017,112443,114947.06521967426,116045,117932.261228262,116308.10881597875,96.6768363312535,"WMD"
"Serbia","Europe",2018,110653,116887.7448793846,115829,116363.293122902,116360.01266742886,95.0953832535751,"WMD"
"Serbia","Europe",2019,110888,117629.14165573202,115569,115492.245268833,116230.128974855,95.40383459781697,"WMD"
"Seychelles","Africa",2015,703,730.1955446694315,723,714.840236234759,722.6785936347302,97.27699231607842,"WMD"
"Seychelles","Africa",2016,747,751.347090401085,735,735.34882910591,740.5653065023316,100,"WMD"
"Seychelles","Africa",2017,748,766.693353672363,746,750.776254664011,754.489869445458,99.13983345459258,"WMD"
"Seychelles","Africa",2018,818,781.02171936203,758,760.490272385251,766.5039972490937,100,"WMD"
"Seychelles","Africa",2019,795,797.2420075982973,769,769.225352562466,778.4891200535877,100,"WMD"
"Singapore","Asia",2015,19862,20084.706886629123,23691,22702.6742043684,22159.46036366584,89.63214660482927,"WMD"
"Singapore","Asia",2016,20017,20645.51181600051,24375,23199.1260091313,22739.87927504394,88.02597304009355,"WMD"
"Singapore","Asia",2017,20905,21185.374309817787,25120,24535.6603289026,23613.678212906794,88.52919825329761,"WMD"
"Singapore","Asia",2018,21282,22244.89011588977,25959,25275.9295031507,24493.273206346825,86.88916267216297,"WMD"
"Singapore","Asia",2019,21446,23222.042100682836,26902,26834.195200763,25652.74576714861,83.60118715815658,"WMD"
"Slovakia","Europe",2015,54747,53502.284456332534,52941,51402.6284558854,52615.30430407265,100,"WMD"
"Slovakia","Europe",2016,52085,52474.74009664659,53199,51553.5687313756,52409.102942674064,99.38159036412324,"WMD"
"Slovakia","Europe",2017,53702,53248.23141414431,53546,51376.8895958846,52723.70700334297,100,"WMD"
"Slovakia","Europe",2018,54137,53775.54184264388,53964,50978.3365091112,52905.959450585025,100,"WMD"
"Slovakia","Europe",2019,53115,54548.94080863148,54445,50451.991027228,53148.643945286494,99.93669839380827,"WMD"
"Slovenia","Europe",2015,20184,19217.7077482705,19912,19902.0977829819,19677.268510417467,100,"WMD"
"Slovenia","Europe",2016,19577,19324.15738095979,20185,19866.1033122869,19791.753564415565,98.91493412285772,"WMD"
"Slovenia","Europe",2017,20436,19896.424039810292,20458,20762.9625254045,20372.46218840493,100,"WMD"
"Slovenia","Europe",2018,20428,20374.926914034066,20722,20944.421763085,20680.449559039687,98.77928398839214,"WMD"
"Slovenia","Europe",2019,20547,20813.19495163428,20974,20462.6929464209,20749.96263268506,99.02186506897436,"WMD"
"Solomon Islands","Oceania",2016,471,5994.024738566997,2681,4415.37330945754,4363.466016008179,10.79417138284221,"Other"
"Solomon Islands","Oceania",2017,990,6062.7999038869875,2726,4530.08543215852,4439.628445348502,22.29916336889059,"Other"
"Solomon Islands","Oceania",2018,1598,6138.320898133126,2777,4662.48774128753,4525.936213140219,35.30761205516999,"Other"
"South Africa","Africa",2015,535539,561294.8643845771,541211,529153.100021983,543886.3214688534,98.46524519198974,"WMD"
"South Africa","Africa",2016,529300,561607.2195668297,539751,534010.645636098,545122.9550676426,97.09736034402015,"WMD"
"South Africa","Africa",2017,525458,557910.3149491586,541643,532853.937277018,544135.7507420589,96.56744650271789,"WMD"
"South Africa","Africa",2018,526989,531725.5018230214,545376,508260.101174183,528453.8676657348,99.72280122157012,"WMD"
"South Africa","Africa",2019,525457,521802.35144861013,550330,496234.646178778,522788.99920912937,100,"WMD"
"South Korea","Asia",2015,280766,272137.7561809241,285148,275700.148701748,277661.968294224,100,"WMD"
"South Korea","Asia",2016,279257,278498.3763038044,291412,280814.976514291,283575.1176060318,98.47725793345842,"WMD"
"South Korea","Asia",2017,284548,292033.2121000097,298605,285576.41792434,292071.5433414499,97.42407519220234,"WMD"
"South Korea","Asia",2018,298030,303707.28997801314,306747,298907.752230404,303120.68073613907,98.32057623921398,"WMD"
"South Korea","Asia",2019,294080,318630.5514216965,315783,295251.364595184,309888.30533896014,94.89870864224166,"WMD"
"Spain","Europe",2015,427851,407339.9076266043,408268,427426.858634669,414344.9220870911,100,"WMD"
"Spain","Europe",2016,406128,408794.5672519998,413225,411910.942406718,411310.1698862393,98.7400822382601,"WMD"
"Spain","Europe",2017,420589,414069.33802253223,418351,433594.151869142,422004.8299638914,99.66449910916599,"WMD"
"Spain","Europe",2018,423994,421728.056339,423464,425787.207238279,423659.75452575966,100,"WMD"
"Spain","Europe",2019,414914,428576.7550007544,428436,426747.395351493,427920.0501174158,96.96063549397905,"WMD"
"Sri Lanka","Asia",2015,131614,127814.87294077103,133048,131936.182762153,130933.01856764135,100,"Other"
"Sri Lanka","Asia",2016,130765,130187.96362449005,135677,135632.326479803,133832.43003476434,97.70800692032002,"Other"
"Sri Lanka","Asia",2017,139822,132531.1621077904,138366,139283.168423728,136726.77684383947,100,"Other"
"Sri Lanka","Asia",2018,139498,132197.29097019712,141085,142554.322254385,138612.20440819405,100,"Other"
"Sri Lanka","Asia",2019,146053,135633.34289641996,143827,145996.77725557,141819.04005066332,100,"Other"
"Suriname","Americas",2015,3663,4026.6586269822687,4003.9999999999995,3590.8668812775,3873.8418360865894,94.55729363748146,"WMD"
"Suriname","Americas",2016,3591,4130.417448440485,4075.9999999999995,3792.49038133847,3999.6359432596514,89.78317154219245,"WMD"
"Suriname","Americas",2017,3508,4219.158347283991,4149,4023.1531513832,4130.437166222397,84.93047730364911,"WMD"
"Suriname","Americas",2018,3763,4303.049426395852,4223,4318.98614082843,4281.678522408094,87.88609374352609,"WMD"
"Suriname","Americas",2019,3955,4370.586316382361,4296,4488.92066499866,4385.1689937936735,90.1903667931044,"WMD"
"Sweden","Europe",2015,92555.2,90657.84727891543,90637,91811.9412170466,91035.59616532068,100,"WMD"
"Sweden","Europe",2016,90502.1,91764.80198625532,90783,91217.4156038709,91255.07253004207,99.17487049304115,"WMD"
"Sweden","Europe",2017,91626.5,92758.11719183715,90971,92391.9762163061,92040.36446938108,99.55034459960362,"WMD"
"Sweden","Europe",2018,91920.1,93565.93623506206,91201,92755.3785471958,92507.43826075262,99.36509077346075,"WMD"
"Sweden","Europe",2019,88544.7,93801.16794037604,91479,92222.7692133358,92500.97905123729,95.72298683558164,"WMD"
"Switzerland","Europe",2015,68786,66473.2618939118,66422,67808.30006252,66901.1873188106,100,"WMD"
"Switzerland","Europe",2016,64649,66688.42885275604,67024,65152.5979954662,66288.34228274075,97.5269523625309,"WMD"
"Switzerland","Europe",2017,66703,67360.00722804778,67641,68015.6914298094,67672.2328859524,98.56775394483311,"WMD"
"Switzerland","Europe",2018,66888,68558.09211319668,68310,68854.9400535021,68574.34405556625,97.54085280903337,"WMD"
"Switzerland","Europe",2019,67515,69816.83591523494,69045,69073.7512032785,69311.86237283782,97.40756876049261,"WMD"
"Syria","Asia",2015,45904,132347.37769964457,107211,148662.79461667,129407.05743877152,35.47256301822589,"Other"
"Syria","Asia",2016,45273,126590.12246827918,104614,150396.725233695,127200.28256732473,35.591902066756695,"Other"
"Syria","Asia",2018,56639,87177.62825881233,96625,93577.7312598011,92460.11983953782,61.257761831041904,"Other"
"Syria","Asia",2019,59788,84424.99545026226,92455,89323.7173538352,88734.57093469915,67.37847421835028,"Other"
"Taiwan","Asia",2015,163858,164742.25717085548,169698,NA,167220.12858542774,97.9893995932971,"WMD"
"Taiwan","Asia",2016,172405,172471.31863070413,172867,NA,172669.15931535207,99.84701418805797,"WMD"
"Taiwan","Asia",2017,171242,176658.99012379753,176073,NA,176365.99506189878,97.09468083113163,"WMD"
"Taiwan","Asia",2018,172784,180328.97877868937,179328,NA,179828.4893893447,96.08266220037429,"WMD"
"Taiwan","Asia",2019,176296,185365.15533684663,182635,NA,184000.0776684233,95.81300303453871,"WMD"
"Tajikistan","Asia",2015,33562,48413.18888064376,44065,48817.0851587185,47098.42467978742,71.2592835709075,"WMD"
"Tajikistan","Asia",2016,34134,49587.24253733366,44053,50462.9214578573,48034.38799839699,71.0615902947262,"WMD"
"Tajikistan","Asia",2017,32027,49724.488659987066,44073,51131.0943818105,48309.52768059919,66.29541114901409,"WMD"
"Tajikistan","Asia",2018,32699,48750.01302919099,44176,50268.7474279508,47731.58681904726,68.50599818515039,"WMD"
"Tajikistan","Asia",2019,33537,48702.905678775795,44388,49986.4508293701,47692.45216938196,70.31930310668821,"WMD"
"Thailand","Asia",2015,473541,438126.92303459666,507439,442895.107669365,462820.3435679872,100,"WMD"
"Thailand","Asia",2016,480434,458025.6268385652,514647.00000000006,461679.160424728,478117.2624210978,100,"WMD"
"Thailand","Asia",2017,468911,470343.41599401983,522808.99999999994,473242.106427903,488798.17414064094,95.93141398786837,"WMD"
"Thailand","Asia",2018,473541,484771.5404666958,531849,485890.148820707,500836.89642913424,94.54994298068922,"WMD"
"Thailand","Asia",2019,506211,497502.3508636624,541697,496725.868211343,511975.0730250018,98.87414967472053,"WMD"
"Timor-Leste","Asia",2015,5165,7181.622834380729,7405,7000.87810106092,7195.833645147216,71.77764599218068,"Other"
"Tonga","Oceania",2015,805,653.009529170452,742,610.724384816207,668.5779713288863,100,"Other"
"Tonga","Oceania",2016,829,654.6279889891914,742,613.833028076303,670.1536723551648,100,"Other"
"Tonga","Oceania",2017,837,655.6301124893594,742,616.903697782407,671.5112700905888,100,"Other"
"Tonga","Oceania",2018,835,656.7187042016978,742,619.16215961283,672.6269546048426,100,"Other"
"Trinidad and Tobago","Americas",2015,10651,10532.411695667644,11042,9588.93081873681,10387.780838134819,100,"Other"
"Trinidad and Tobago","Americas",2016,11460,10961.23754254497,11222,9584.72257173888,10589.320038094616,100,"Other"
"Trinidad and Tobago","Americas",2017,11410,11233.508709365342,11415,9555.4045544639,10734.637754609746,100,"Other"
"Trinidad and Tobago","Americas",2018,11564,11498.284094695076,11622,9505.99371002056,10875.425934905212,100,"Other"
"Tunisia","Africa",2015,64987,63147.62535584786,70508,62974.9208637417,65543.51540652986,99.15092224901564,"WMD"
"Tunisia","Africa",2016,61928,64308.15386095668,71138,64450.9889852309,66632.38094872919,92.93979761529306,"WMD"
"Tunisia","Africa",2017,67447,65597.3085465533,71748,65956.0370483936,67767.11519831563,99.52762457516624,"WMD"
"Tunisia","Africa",2018,67364,66726.99293924784,72383,67074.6243469473,68728.20576206504,98.0150714732931,"WMD"
"Tunisia","Africa",2019,71060,67618.3143227608,73076,67566.0938166425,69420.13604646777,100,"WMD"
"Turkey","Asia",2015,405528,431528.56677560246,424369,393951.680636637,416616.4158040798,97.3384592196928,"Other"
"Turkey","Asia",2016,422964,440850.26669368293,429731,407168.555835079,425916.6075095873,99.30676393981166,"Other"
"Turkey","Asia",2017,426662,446570.1000377621,436135,417577.841724765,433427.6472541757,98.43903652731039,"Other"
"Turkey","Asia",2018,426449,449288.5508334665,443346,424059.569414861,438898.0400827758,97.163568996474,"Other"
"Turkey","Asia",2019,435941,454742.05491304415,451186,431558.041928531,445828.6989471917,97.7821753129529,"Other"
"Turkmenistan","Asia",2015,32247,31919.96686838304,39459,36286.5304407139,35888.499103032314,89.85329786966591,"Other"
"Uganda","Africa",2019,2188,242798.49835783272,282249,228392.416211431,251146.63818975457,0.8712041760825205,"Other"
"Ukraine","Europe",2015,594795,714984.5908681276,679229,627005.823012805,673739.8046269775,88.28259751244977,"WMD"
"Ukraine","Europe",2016,583631,694408.3879292702,675585,624270.270964701,664754.5529646571,87.79646523624936,"WMD"
"Ukraine","Europe",2017,574123,690449.0792934982,672688,597987.998928924,653708.359407474,87.82555580601557,"WMD"
"Ukraine","Europe",2018,587665,702355.8447464077,669841,606851.660127601,659682.8349580029,89.08296060748833,"WMD"
"Ukraine","Europe",2019,581114,698662.8324955838,666785,594325.524788024,653257.7857612026,88.9563067852092,"WMD"
"United Arab Emirates","Asia",2015,8755,22923.450763863384,12932,18901.1210168059,18252.19059355643,47.966845158250635,"Other"
"United Arab Emirates","Asia",2016,8988,24305.940479201632,13297,19153.5210500384,18918.820509746678,47.508247120213035,"Other"
"United Arab Emirates","Asia",2017,8829,25819.95304451164,13725,19180.8122167274,19575.25508707968,45.10286052837918,"Other"
"United Arab Emirates","Asia",2018,8784,27412.35821342508,14243,20092.5370809963,20582.631764807127,42.676758251193014,"Other"
"United Arab Emirates","Asia",2019,9006,29113.021193422093,14869,20932.4308412893,21638.150678237133,41.6209320931382,"Other"
"United Kingdom","Europe",2015,612061,587289.3216827722,604747,619176.746843399,603737.6895087238,100,"WMD"
"United Kingdom","Europe",2016,596401,589436.5556843582,613064,615531.357127275,606010.6376038777,98.41427905591335,"WMD"
"United Kingdom","Europe",2017,606870,594165.9891414647,621040,610209.362963321,608471.7840349285,99.736752947802,"WMD"
"United Kingdom","Europe",2018,613309,612292.1328423336,628254,613229.158430073,617925.0970908022,99.252968181332207,"WMD"
"United Kingdom","Europe",2019,600532,621814.6442052933,634470,614515.968888133,623600.2043644754,96.30080230843016,"WMD"
"United States","Americas",2015,2706977,2705487.394242725,2689898,2713462.87938876,2702949.4245438282,100,"WMD"
"United States","Americas",2016,2733802,2765250.0505338535,2743600,2745072.23385207,2751307.428128641,99.36374147252066,"WMD"
"United States","Americas",2017,2810988,2789709.870869478,2799028,2814208.13724176,2800982.002703746,100,"WMD"
"United States","Americas",2018,2839074,2870515.1036551935,2854588,2888968.90551566,2871357.3363902844,98.87567681036631,"WMD"
"United States","Americas",2019,2852633,2946455.755227674,2908936,2949213.8931804,2934868.549469358,97.19798184882158,"WMD"
"Uruguay","Americas",2015,32967,32800.869397307244,32220.999999999996,32955.366823134,32659.07874014708,100,"WMD"
"Uruguay","Americas",2016,34273,32969.6267690939,32372,34271.4869372036,33204.371235432496,100,"WMD"
"Uruguay","Americas",2017,33173,33305.78552675425,32514.000000000004,33168.3567371756,32996.04742130995,100,"WMD"
"Uruguay","Americas",2018,34128,33533.46229630405,32649,34128.3599527058,33436.94074966995,100,"WMD"
"Uruguay","Americas",2019,34807,33847.279255524096,32779,34806.3592776485,33810.87951105753,100,"WMD"
"US Virgin Islands","Americas",2015,655,1215.6110012901415,831,NA,1023.3055006450708,64.00825555878488,"Other"
"US Virgin Islands","Americas",2016,632,1221.3203201897418,851,NA,1036.160160094871,60.994431588851484,"Other"
"US Virgin Islands","Americas",2017,707,1249.5062518766097,873,NA,1061.253125938305,66.61935618563265,"Other"
"Uzbekistan","Asia",2015,152035,200241.3352036433,184491,172486.780975049,185739.70539289745,81.85379624587996,"WMD"
"Uzbekistan","Asia",2016,154791,201494.7719514393,185114,172934.858550093,186514.54350051077,82.99138345722413,"WMD"
"Uzbekistan","Asia",2017,160723,202155.40601375164,186047,173124.531124977,187108.97904624286,85.8980690393689,"WMD"
"Uzbekistan","Asia",2018,154913,203348.5483278591,187544,171920.878216035,187604.47551463137,82.57425606454589,"WMD"
"Uzbekistan","Asia",2019,154570,203598.85632247015,189729,170280.824500059,187869.5602741764,82.27516995005519,"WMD"
"Vanuatu","Oceania",2015,266,2044.5335034173356,1477,1977.63721283737,1833.0569054182351,14.511278903221433,"Other"
"Vanuatu","Oceania",2016,205,2086.2964757056207,1500,2022.36647210437,1869.5543159366634,10.965180217152085,"Other"
"Vanuatu","Oceania",2017,153,2134.0451106731134,1521,2063.71418115475,1906.2530972759544,8.026216467196187,"Other"
"Vanuatu","Oceania",2018,200,2184.826905306984,1540,2100.68481501381,1941.8372401069312,10.299524381816191,"Other"
"Venezuela","Americas",2015,163712,162476.96475668906,187830,159705.317630511,170004.09412906668,96.29885729440743,"Other"
"Venezuela","Americas",2016,188725,166604.58208718983,193906,165832.328898026,175447.63699507195,100,"Other"
"Venezuela","Americas",2017,190236,170057.09323390195,199476,168186.556610025,179239.88328130898,100,"Other"
"Vietnam","Asia",2018,569338,622120.2180188724,602910,718463.772734778,647831.3302512168,87.88367795969693,"Other"
"Vietnam","Asia",2019,556015,631817.5708691906,614629,727941.173925499,658129.2482648966,84.48416499735997,"Other"
"Yemen","Asia",2016,25927,167865.357676956,162411,155763.435833084,162013.26450334667,16.00301066673737,"Other"
"Yemen","Asia",2017,31999,173263.45855746281,166539,161349.166365363,167050.54164094193,19.15528060290794,"Other"
"Zambia","Africa",2016,40889,124351.08423172384,112877,120370.702403321,119199.59554501495,34.30296874166703,"Other"
"Zambia","Africa",2017,42453,124849.84879297098,112392,120861.027182706,119367.62532522566,35.56491962065406,"Other"
"Zambia","Africa",2018,40791,123943.13420597008,112662,121220.969471329,119275.36789243303,34.199014197790476,"Other"
"Zimbabwe","Africa",2015,42137,133034.949327938,119805,126128.638016304,126322.86244808066,33.35659055170518,"Other"
